forma_de_citar,licencia,registros,registros_mexico,doi
"Bentley A, Eifler M (2022). KUBI Mammalogy Collection. Version 26.57. University of Kansas Biodiversity Institute. Occurrence dataset https://doi.org/10.15468/a3woj7 accessed via GBIF.org on 2022-07-07.",CC BY 4.0,52463,40213,https://doi.org/10.15468/a3woj7
"Ward, J. 2013. DECAF - AUTEC Beaked Whales - Multiple Sensors - DTag. Data downloaded from OBIS-SEAMAP (http://seamap.env.duke.edu/dataset/685) on yyyy-mm-dd. https://doi.org/10.15468/4tznh3 accessed via GBIF.org on 2022-07-07.",CC BY 4.0,51250,0,https://doi.org/10.15468/4tznh3
"López Vidal J.C., C. Elizalde Arellano, C. Y. Salas Rodríguez y C. Salazar Motolinía. 2019. Computarización de las colecciones de vertebrados terrestres de la Escuela Nacional de Ciencias Biológicas, IPN Fase 4. Instituto Politécnico Nacional. Escuela Nacional de Ciencias Biológicas. Bases de datos SNIB CONABIO_Mamíferos Proyectos No. KE005, CC002, BC004, Y013 y P020. Ciudad de México",CC BY 4.0,37913,37903,
"Sánchez Cordero V., Magallón S., Espinosa, H., Reynoso V.H., Escalante, P. y Cervantes, F. 2021. Digitalización y Sistematización de las Colecciones Biológicas Nacionales del Instituto de Biología, UNAM. Universidad Nacional Autónoma de México. Instituto de Biología. Bases de datos SNIB CONABIO (vertebrados), proyecto KE002. Ciudad de México",CC BY 4.0,27229,26900,
"Ceballos G. 2002. Actualización de la base de datos del Atlas Mastozoológico de México. Instituto de Ecología. Universidad Nacional Autónoma de México. Bases de datos SNIB-CONABIO, proyectos T009 y A003. México, D. F.",CC BY 4.0,25594,25550,
CONABIO. 2023. Naturalista. Comisión Nacional para el Conocimiento y Uso de la Biodiversidad (CONABIO). Bases de datos SNIB-CONABIO. Ciudad de México,CC BY-NC 4.0,23986,22660,
"iNaturalist contributors, iNaturalist (2022). iNaturalist Research-grade Observations. iNaturalist.org. Occurrence dataset https://doi.org/10.15468/ab3s5x accessed via GBIF.org on 2022-07-07.",CC BY-NC 4.0,23120,0,https://doi.org/10.15468/ab3s5x
"UMMZ Mammals Data Group, LSA IT A (2022). University of Michigan Museum of Zoology, Division of Mammals. Version 8.48. University of Michigan Museum of Zoology. Occurrence dataset https://doi.org/10.15468/dx3rcj accessed via GBIF.org on 2022-07-07.",CC BY-NC 4.0,20132,11784,https://doi.org/10.15468/dx3rcj
CONABIO. 2019. Naturalista. Comisión Nacional para el Conocimiento y Uso de la Biodiversidad (CONABIO). Bases de datos SNIB-CONABIO. Ciudad de México,CC BY-NC 4.0,19524,19522,
"Pantoja Peña G, Peñuela Salgado M M, García Loaiza L M, Sánchez Lalinde C, Reyes A, Cotes M P, Niño Reyes A, Acosta A, Mejía Londoño G D, Parra J P, Kairuz M P, Pinilla N, Palacios E, Zárrate Charry D A, Lemus L, Diaz Rodriguez A S, Gonzalez Coca M C, Yucuna E, Miraña R P, Silva Miraña N, Yepes Rodriguez A, Solarte J F, Martinez P E, Barrera Zambrano V A, Cabrera Ojeda C, Castro-Chingal J, Chacón Pacheco J J, Ballesteros Correa J, Ortiz Hoyos R D, Racero Casarrubia J, Ramírez Chaves H, Peralta N, Lopez Ordoñez J P, Toloza A, Beltrán C, Hernández D, Avellaneda F, Garcia F, Villamil J S, Zamora J, Rojas H K, Ardila Montaña M C, Hernández M, Raigoso M, Raigozo O, Cepeda W, Fernández Certuche M P, Gallego Carmona C A, Díaz Sanchez H M, González B, Valenzuela L, Forero Medina G, Grajales Suaza E, Agudelo Zapata F, González Arenas J V, Becerra Méndez A, Hernández Vélez C A, Jimenez G, Gómez Ayala A, Santamaría Castiblanco D, Lema Arias M C, Lizcano D J, Bonell W, Mejía Correa S, Mosquera F, Pardo L, González Maya J F, Paredes Casas C A, Rojano C, Ávila Ávilan R C, Parra Romero Á, Patiño Quiroz M F, Moreno Carrillo A G, Cruz Parrado K, Hernández Leal O F, Yanten Arevalo A V, Rodríguez D, Rodriguez S, López H, Quiñones A C, Rodriguez O J, Rodríguez Posada M E, Salamanca I, Salcedo Rivera G A, Cuello Alfaro F, Santana Tobar M A, Serna G P, Torres D A, Valencia Zapata D C, Valencia Mazo J D, Vargas L, Rodríguez A M, Concha I, Rodríguez Bolaños A, Rodriguez A, Otálora-Ardila A, Martínez A, Hurtado-Moreno A P, Gómez-Valencia B, Cruz-Rodríguez C A, Barragán-Barrera D C, Camelo D, Amórtegui-Hernández D, Zurc D, Rodríguez D, Morales-Martínez D M, Carolina Angulo D, Noguera E A, Trujillo F, Sánchez F, López-Arévalo H F, Pérez-Torres J, Calderón-Leyton J J, Rodríguez-Mahecha J V, Montoya J, Cardenas-Hincapie J S, Camila Machado M, Isabel Moreno M, Andrade-Erazo M J, Baptiste M P, Reyes-Amaya N, Farias-Curtidor N, Montenegro-Díaz O, García-R S, Defler T, Muñoz-Saba Y, Olaciregui C, Naranjo D, Meza Tilves K, Branch L C, Juliana Bedoya M, Murillo O, Carretero X (2021). Registros de especies priorizadas de mamíferos de Colombia, recopilados a partir de la información de fototrampeo. Version 1.3. Asociación Colombiana de Zoología. Occurrence dataset https://doi.org/10.15472/hy9nif accessed via GBIF.org on 2022-07-07.",CC BY-NC 4.0,18938,0,https://doi.org/10.15472/hy9nif
Prestridge H (2021). Biodiversity Research and Teaching Collections - TCWC Vertebrates. Version 9.4. Texas A&M University Biodiversity Research and Teaching Collections. Occurrence dataset https://doi.org/10.15468/szomia accessed via GBIF.org on 2022-07-07.,CC0 1.0,18790,12314,https://doi.org/10.15468/szomia
"Muñoz-Alonso L. A. y I. J. March-Mifsut. 2003. Actualización y enriquecimiento de las bases de datos del proyecto de evaluación y análisis geográfico de la diversidad faunística de Chiapas. El Colegio de la Frontera Sur. Bases de datos SNIB-CONABIO, proyectos U014 y P132. México, D. F.",CC BY 4.0,17345,17098,
"Arroyo Gerala, P. 2025. Conservación y desarrollo sustentable en la zona sur de la Reserva de la Biosfera Montes Azules y su área de influencia en Marqués de Comillas. Natura y Ecosistemas Mexicanos, A.C. Bases de datos mamíferos SNIB-CONABIO, proyecto QQ004. Ciudad de México",CC BY 4.0,17205,17205,
"Grant S, Webbink K, Jones J, Ferguson A (2020). Field Museum of Natural History (Zoology) Mammal Collection. Version 9.18. Field Museum. Occurrence dataset https://doi.org/10.15468/n4zgxw accessed via GBIF.org on 2022-07-07.",CC0 1.0,15106,3870,https://doi.org/10.15468/n4zgxw
CONABIO. 2021. Naturalista. Comisión Nacional para el Conocimiento y Uso de la Biodiversidad (CONABIO). Bases de datos SNIB-CONABIO. Ciudad de México,CC BY-NC 4.0,14922,13922,
Mertz W (2022). LACM Vertebrate Collection. Version 18.11. Natural History Museum of Los Angeles County. Occurrence dataset https://doi.org/10.15468/77rmwd accessed via GBIF.org on 2022-07-07.,CC0 1.0,14768,8881,https://doi.org/10.15468/77rmwd
CONABIO. 2025. Naturalista. Comisión Nacional para el Conocimiento y Uso de la Biodiversidad (CONABIO). Bases de datos SNIB-CONABIO. Ciudad de México,CC BY-NC 4.0,14751,12283,
CONABIO. 2022. Naturalista. Comisión Nacional para el Conocimiento y Uso de la Biodiversidad (CONABIO). Bases de datos SNIB-CONABIO. Ciudad de México,CC BY-NC 4.0,14109,13520,
"López-Wilchis R. 1998. Base de datos de mamíferos de México depositados en colecciones de Estados Unidos y Canadá. Unidad Iztapalapa. Universidad Autónoma Metropolitana. Bases de datos SNIB-CONABIO, proyecto P130. México, D. F.",CC BY 4.0,13676,13676,
"Ramírez-Pulido J. 1999. Biodiversidad mastozoológica del Eje Volcánico Transversal. Unidad Iztapalapa. Universidad Autónoma Metropolitana. Bases de datos SNIB-CONABIO, proyecto J121. México, D. F.",CC BY 4.0,13528,13528,
"Millen B, Lim B (2018). Mammalogy Collection - Royal Ontario Museum. Version 11.5. Royal Ontario Museum. Occurrence dataset https://doi.org/10.15468/2rlrvh accessed via GBIF.org on 2022-07-07.",CC BY-NC 4.0,13292,2337,https://doi.org/10.15468/2rlrvh
Cook J (2022). MSB Mammal Collection (Arctos). Version 35.63. Museum of Southwestern Biology. Occurrence dataset https://doi.org/10.15468/oirgxw accessed via GBIF.org on 2022-07-07.,CC0 1.0,12664,0,https://doi.org/10.15468/oirgxw
Garner H (2016). TTU Mammals Collection. Version 9.1. Museum of Texas Tech University (TTU). Occurrence dataset https://doi.org/10.15468/yocqyp accessed via GBIF.org on 2022-07-07.,CC BY 4.0,11456,0,https://doi.org/10.15468/yocqyp
"Restrepo A, Corral Gómez J N (2022). Línea base general de aves y mamíferos a través de cámaras trampa para el valle medio del Magdalena - VMM. Instituto de Investigación de Recursos Biológicos Alexander von Humboldt. Sampling event dataset https://doi.org/10.15472/bo1z8z accessed via GBIF.org on 2022-07-07.",CC BY-NC 4.0,11354,0,https://doi.org/10.15472/bo1z8z
Happywhale. 2021. Happywhale - Humpback Whale in North Pacific Ocean. Data downloaded from OBIS-SEAMAP (http://seamap.env.duke.edu/dataset/1765) on yyyy-mm-dd originated from Happywhale.com. https://doi.org/10.15468/7c2dqf accessed via GBIF.org on 2022-07-07.,CC0 1.0,11133,11128,https://doi.org/10.15468/7c2dqf
iNaturalistMX. Disponible en https://mexico.inaturalist.org. Acceso 16 de febrero de 2024,CC BY-NC 4.0,10539,10539,
"López González C (2024). Colección de Mamíferos, Centro Interdisciplinario de Investigación para el Desarrollo Integral Regional, Unidad Durango, Instituto Politécnico Nacional. Version 1.3. Instituto Politécnico Nacional, CIIDIR Unidad Durango. Occurrence dataset https://doi.org/10.15468/qgt6j4 accessed via GBIF.org on 2024-07-31.",CC BY 4.0,9048,9047,https://doi.org/10.15468/qgt6j4
"Lanier H, Braun J, King P (2022). Mammals Specimens. Sam Noble Oklahoma Museum of Natural History. Occurrence dataset https://doi.org/10.15468/fmuion accessed via GBIF.org on 2022-07-07.",CC0 1.0,9022,8830,https://doi.org/10.15468/fmuion
"León P. L. y V. Z. A. Ávila. 2012. Actualización de la base de datos de la Colección de mamíferos del Museo de Zoología 'Alfonso L. Herrera'. Colección Maztozoológica MZFC. Facultad de Ciencias. Universidad Nacional Autónoma de México. Bases de datos SNIB-CONABIO, proyectos EC010, J123, M099, B002 y H160. México, D. F.",CC BY 4.0,8771,8771,
"Natural Science Research Laboratory, Museum of Texas Tech University (TTU) (2024). Museum of Texas Tech University Mammalogy Collection. Occurrence dataset https://doi.org/10.15468/3z2std accessed via GBIF.org on 2024-07-31.",CC0 1.0,8345,8345,https://doi.org/10.15468/3z2std
"Harvard University M, Morris P J (2022). Museum of Comparative Zoology, Harvard University. Version 162.323. Museum of Comparative Zoology, Harvard University. Occurrence dataset https://doi.org/10.15468/p5rupv accessed via GBIF.org on 2022-07-07.",CC BY-NC 4.0,7960,2940,https://doi.org/10.15468/p5rupv
Whiting A (2022). Brigham Young University Life Science Museum (BYU) Mammal Collection (Arctos). Version 1.14. Brigham Young University Life Science Museum. Occurrence dataset https://doi.org/10.15468/5sdbbp accessed via GBIF.org on 2022-07-07.,CC0 1.0,7876,7876,https://doi.org/10.15468/5sdbbp
"Abraczinskas L (2016). MSU Mammalogy, Ornithology and Vertebrate Paleontology Collections. Version 8.1. Michigan State University Museum. Occurrence dataset https://doi.org/10.15468/xypr72 accessed via GBIF.org on 2022-07-07.",CC0 1.0,7509,6384,https://doi.org/10.15468/xypr72
Esselstyn J (2017). LSUMZ Mammals Collection. Louisiana State University Museum of Natural Science. Occurrence dataset https://doi.org/10.15468/wxiqf6 accessed via GBIF.org on 2022-07-07.,CC0 1.0,6877,3468,https://doi.org/10.15468/wxiqf6
"Vargas-Cuenca. J., Y. Hortelano-Mocanda y F. A. Cervantes. 2014. Actualización de la base de datos del estado de Morelos de la Colección Nacional de Mamíferos del Instituto de Biología, UNAM. Colección CNMA. Instituto de Biología. Universidad Nacional Autónoma de México. Bases de datos SNIB-CONABIO, proyectos JL003, HA023 y V043. México, D. F.",CC BY 4.0,6714,6714,
"Orrell T, Informatics Office (2022). NMNH Extant Specimen Records (USNM, US). Version 1.56. National Museum of Natural History, Smithsonian Institution. Occurrence dataset https://doi.org/10.15468/hnhrg3 accessed via GBIF.org on 2022-07-07.",CC0 1.0,6695,486,https://doi.org/10.15468/hnhrg3
Unitt P (2020). SDNHM Mammology Collection. Version 1.3. San Diego Natural History Museum. Occurrence dataset https://doi.org/10.15468/estih7 accessed via GBIF.org on 2022-07-07.,CC0 1.0,6363,6327,https://doi.org/10.15468/estih7
"Álvarez-Castañeda S. T. 2008. Computarización de la Colección de mamíferos del Centro de Investigaciones Biológicas del Noroeste SC. Colección de mamíferos CIBN. Centro de Investigaciones Biológicas del Noroeste S. C. Bases de datos SNIB-CONABIO, proyecto CC001. México, D. F.",CC BY 4.0,5910,5906,
"Dávila Reyes D, Costa Anillo J C, Olaciregui M J, Suarez Avellaneda J D, Gantiva – Q C H, Capera Moreno V H, Izquierdo Gómez E, Cañón Escobar S, González Torres D, Manjarres M, Herrera Palma M, Gómez camelo I, Patiño Florez E A, Guerra M L, Fuentes V, Rojas L G, Herrera Suárez G, Díaz Bustillo J (2022). Monitoreo de biodiversidad del Valle del Cerrejón. Version 1.9. Carbones del Cerrejón Limited. Sampling event dataset https://doi.org/10.15472/yemrps accessed via GBIF.org on 2022-07-07.",CC BY-NC 4.0,5900,0,https://doi.org/10.15472/yemrps
"Servín-Martínez J. I. 1998. Los mamíferos del estado de Durango, México. Centro Regional. Instituto de Ecología. Bases de datos SNIB-CONABIO, proyecto P064. México, D. F.",CC BY 4.0,5687,5687,
"Lorenzo M. C., B. Prado y C. Pozo. 2017. Fortalecimiento de las colecciones de ECOSUR. Primera fase. El Colegio de la Frontera Sur. Bases de datos SNIB-CONABIO (colección de mamíferos de San Cristóbal de las Casas), proyectos ME006, BJ002, AA003, P028 y B114. Ciudad de México",CC BY 4.0,5410,5393,
"Rentail N. P. 2004. UAZ Vertebrates collections at the University of Arizona, database of Mexican specimens. The University of Arizona. Bases de datos SNIB-CONABIO. México, D. F.",CC BY-NC 4.0,5379,5379,
The International Barcode of Life Consortium (2022). International Barcode of Life project (iBOL). Occurrence dataset https://doi.org/10.15468/inygc6 accessed via GBIF.org on 2022-07-07.,CC BY 4.0,5317,3146,https://doi.org/10.15468/inygc6
Conroy C (2022). MVZ Mammal Collection (Arctos). Version 35.62. Museum of Vertebrate Zoology. Occurrence dataset https://doi.org/10.15468/uwudf9 accessed via GBIF.org on 2022-07-07.,CC0 1.0,5190,0,https://doi.org/10.15468/uwudf9
"Chávez Acosta M H, Cerrato Córdoba J P, Cicery Pérez J J, Martínez Ortega D, Mora Adarme E L, Ortega Goméz S, Mejía Bustos L A, Mantilla Y, Barrios N, Chavez Acosta M H, CORPOAMAZONÍA - Corporación para el Desarrollo Sostenible del Sur de la Amazonia, Gran Tierra Energy (2021). Registros de fauna asociados al proyecto: Conservación de félidos silvestres del Putumayo. Corpoamazonía - Corporación para el Desarrollo Sostenible del Sur de la Amazonia. Occurrence dataset https://doi.org/10.15472/l277ys accessed via GBIF.org on 2022-07-07.",CC BY-NC 4.0,5178,0,https://doi.org/10.15472/l277ys
"Jiménez-Guzmán A., J. A. Niño-Ramírez y M. A. Zúñiga-Ramos. 1998. Mamíferos de Nuevo León: distribución y taxonomía. Facultad de Ciencias Biológicas. Universidad Autónoma de Nuevo León. Bases de datos SNIB-CONABIO, proyecto P008. México, D. F.",CC BY 4.0,4960,4960,
"García-Mendoza D. F. 2015. Actualización de la base de datos de la Colección Regional Durango (Mammalia). Colección CRD. Unidad Durango. Centro Interdisciplinario de Investigación para el Desarrollo Integral Regional. Instituto Politécnico Nacional. Bases de datos SNIB-CONABIO, proyectos HA002, DC015, X011 y R008. México, D. F.",CC BY 4.0,4895,4893,
"Horváth A. 2008. Mamíferos de los Parques Nacionales Lagunas de Montebello y Palenque, Chiapas. Unidad San Cristóbal de las Casas. El Colegio de la Frontera Sur. Bases de datos SNIB-CONABIO, proyecto BK047. México, D. F.",CC BY 4.0,4858,4858,
"Delarue, J. 2014. Mingan Island Cetacean Study 84-07. Data downloaded from OBIS-SEAMAP (http://seamap.env.duke.edu/dataset/460) on yyyy-mm-dd. https://doi.org/10.15468/uc3weh accessed via GBIF.org on 2022-07-07.",CC BY 4.0,4836,4768,https://doi.org/10.15468/uc3weh
"Sánchez-Cordero V. y L. Guevara. 2016. Modelado de la distribución potencial de las musarañas (Mammalia, Soricidae). Instituto de Biología. Universidad Nacional Autónoma de México. Bases de datos SNIB-CONABIO, proyecto JM044. Ciudad de México",CC BY 4.0,4757,333,
"Diaz-Pulido A, Morales Betancourt M A (2022). Registros de fauna mediante fototrampeo en Caño Cristales, La Macarena, Meta. Instituto de Investigación de Recursos Biológicos Alexander von Humboldt. Occurrence dataset https://doi.org/10.15472/rymqle accessed via GBIF.org on 2022-07-07.",CC BY-NC 4.0,4598,0,https://doi.org/10.15472/rymqle
"de Vries H, Lemmens M (2022). Observation.org, Nature data from around the World. Observation.org. Occurrence dataset https://doi.org/10.15468/5nilie accessed via GBIF.org on 2022-07-07.",CC BY-NC 4.0,4505,144,https://doi.org/10.15468/5nilie
"Martínez-Gallardo R. 2011. Inventario de los mamíferos pequeños y medianos de las zonas áridas y semiáridas de Baja California. Facultad de Ciencias. Universidad Autónoma de Baja California. Bases de datos SNIB-CONABIO, proyecto GT026. México, D. F.",CC BY 4.0,4456,4456,
"Sánchez-Cordero V. 2006. Estado actual del conocimiento biológico de algunas especies de roedores de las familias Muridae, Geomyidae, Heteromyidae y Sciuridae (Rodentia: Mammalia) incluidas en el PROY-NOM-059-ECOL-2000. Instituto de Biología. Bases de datos SNIB-CONABIO, proyectos W036, A026 y L047. México, D. F.",CC BY 4.0,4451,4451,
"Álvarez-Castañeda S. T. 2008. Inventario de la mastofauna en las reservas de la biosfera Desierto del Vizcaíno y Valle de los Cirios. Centro de Investigaciones Biológicas del Noroeste S. C. Bases de datos SNIB-CONABIO, proyecto BE019. México, D. F.",CC BY 4.0,4290,4290,
"Ruano Meneses L A, Arenas D, Murillo García O E, Giraldo A (2021). Colección de mamíferos de la Universidad del Valle. Version 7.3. Universidad del Valle. Occurrence dataset https://doi.org/10.15472/jzume7 accessed via GBIF.org on 2022-07-07.",CC0 1.0,4237,0,https://doi.org/10.15472/jzume7
"Lopéz-Vidal J. C., C. Elizalde-Arellano, J.I. Campos-Rodríguez, N. Matías-Ferrer, N. González y S. Murillo-Jiménez. 2008. Computarización de las colecciones de vertebrados terrestres de la Escuela Nacional de Ciencias Biológicas, IPN-Fases 2 y 3. Escuela Nacional de Ciencias Biológicas. Instituto Politécnico Nacional. Bases de datos SNIB-CONABIO, proyecto CC002. México, D. F.",CC BY 4.0,4043,4043,
"Sánchez-Cordero V. 2006. Estado actual del conocimiento biológico de algunas especies de roedores de las familias Muridae, Geomyidae, Heteromyidae y Sciuridae (Rodentia: Mammalia) incluidas en el PROY-NOM-059-ECOL-2000. Instituto de Biología. Universidad Nacional Autónoma de México. Bases de datos SNIB-CONABIO, proyectos W036, A026 Y L047. México, D. F.",CC BY 4.0,3992,3992,
"Botello F., J. Sánchez, A. Romero y V. Sánchez-Cordero. 2017. Ecología poblacional y conservación de Tapirus bairdii en la Sierra Mixe, Oaxaca. Conservación Biológica y Desarrollo Social A. C. Instituto de Biología. Universidad Nacional Autónoma de México. Bases de datos SNIB-CONABIO, proyecto LE005. Ciudad de México",CC BY 4.0,3930,3930,
"Calvache Sánchez C, Velásquez Roa T (2022). Sonidos de murciélagos en 10 remanentes de Bosque seco Tropical de la subregión centro norte del Valle del Cauca. Version 1.1. Instituto para la Investigación y la Preservación del Patrimonio Cultural y Natural del Valle del Cauca - INCIVA. Occurrence dataset https://doi.org/10.15472/kg08na accessed via GBIF.org on 2022-07-07.",CC BY 4.0,3895,0,https://doi.org/10.15472/kg08na
"López H, Raz L, Agudelo Zamora H (2022). Colección de Mamíferos del Instituto de Ciencias Naturales (ICN-MHN-Ma). Version 2.14. Universidad Nacional de Colombia. Occurrence dataset https://doi.org/10.15472/lrjbmd accessed via GBIF.org on 2022-07-07.",CC BY-NC 4.0,3760,0,https://doi.org/10.15472/lrjbmd
"Ramírez-Chaves H E, Mejía Fontecha I Y, Velasquez D, Castaño D (2022). Colección de Mamíferos (Mammalia) del Museo de Historia Natural de la Universidad de Caldas, Colombia. Version 2.7. Universidad de Caldas. Occurrence dataset https://doi.org/10.15472/mnevig accessed via GBIF.org on 2022-07-07.",CC BY-NC 4.0,3725,0,https://doi.org/10.15472/mnevig
"Medrano L. y M. J. Vázquez-Cuevas. 2020. Apoyo a las colecciones biológicas de la Facultad de Ciencias de la UNAM: Fase 1. Facultad de Ciencias. Universidad Nacional Autónoma de México. Bases de datos SNIB-CONABIO (coleccion de mastozoología marina), proyecto LE002. Ciudad de México",CC BY 4.0,3692,3689,
Marin V (2025). Feline and other mammals monitoring 2024 in Tres Mesas wind farm - ENGIE Mexico. ENGIE. Occurrence dataset https://doi.org/10.15468/y3qsdx accessed via GBIF.org on 2025-09-01.,CC BY 4.0,3589,3589,https://doi.org/10.15468/y3qsdx
Krejsa D (2022). Angelo State Natural History Collections (ASNHC) Mammal specimens (Arctos). Version 1.31. Angelo State Natural History Collections (ASNHC). Occurrence dataset https://doi.org/10.15468/vbfxbd accessed via GBIF.org on 2022-07-07.,CC0 1.0,3441,3378,https://doi.org/10.15468/vbfxbd
"Álvarez-Solórzano T. y J. C. López-Vidal. 1998. Biodiversidad de los mamíferos en el Estado de Michoacán. Escuela Nacional de Ciencias Biológicas. Instituto Politécnico Nacional. Bases de datos SNIB-CONABIO, proyecto P020. México, D. F.",CC BY 4.0,3365,3365,
"Cortés-Calva P. 2015. Inventario de los murciélagos de las regiones áridas y semiáridas de México y la elaboración de su catálogo de sonogramas. Centro de Investigaciones Biológicas del Noroeste S. C. Bases de datos SNIB-CONABIO, proyecto GT033. México, D. F.",CC BY 4.0,3346,3346,
Bucci M (2016). UAZ Mammals. Version 5.1. University of Arizona Museum of Natural History. Occurrence dataset https://doi.org/10.15468/2swesj accessed via GBIF.org on 2022-07-07.,CC0 1.0,3225,3117,https://doi.org/10.15468/2swesj
"Morales-Pérez J. E. 2005. Vertebrados terrestres del Corredor Biológico Sierra Madre del Sur, Chiapas, México. Dirección de Investigación Miguel Álvarez del Toro. Instituto de Historia Natural y Ecología (IHNE). Bases de datos SNIB-CONABIO, proyecto Y021. México, D. F.",CC BY 4.0,3194,3194,
"Muséum d'histoire naturelle de la Ville de Genève - MHNG. Mammals housed at MHNG, Geneva. Occurrence dataset https://doi.org/10.15468/lwu4fj accessed via GBIF.org on 2022-07-07.",CC BY-NC 4.0,3182,164,https://doi.org/10.15468/lwu4fj
Pérez Consuegra S G (2016). USAC Mammals Collection. Version 8.1. Museo de Historia Natural de la USAC MUSHNAT. Occurrence dataset https://doi.org/10.15468/16fwgc accessed via GBIF.org on 2022-07-07.,CC0 1.0,3131,0,https://doi.org/10.15468/16fwgc
"Raz L, Agudelo H (2016). ICN - Universidad Nacional de Colombia. Version 2.2. Universidad Nacional de Colombia. Occurrence dataset https://doi.org/10.15472/v2lnzj accessed via GBIF.org on 2022-07-07.",CC BY-NC 4.0,3111,0,https://doi.org/10.15472/v2lnzj
"Briones-Salas M. A. 2006. Incorporación de nuevos registros de mamíferos de la región Sierra Norte de Oaxaca. Unidad Oaxaca. Centro Interdisciplinario de Investigación para el Desarrollo Integral Regional. Instituto Politécnico Nacional. Bases de datos SNIB-CONABIO, proyectos BA009 y R104. México, D. F.",CC BY 4.0,2962,2962,
"Botello F., M. Aranda y V. Sánchez-Cordero. 2010. Fortalecimiento de la Colección de fotocolectas biológicas (CFB): una propuesta del uso de la imagen digital al servicio del conocimiento de la biodiversidad. Colección CNFB. Instituto de Biología. Universidad Nacional Autónoma de México. Bases de datos SNIB-CONABIO, proyecto FS0030. México, D. F.",CC BY 4.0,2939,2939,
"López-González C. 2012. Mamíferos silvestres de la cuenca del río Mezquital-San Pedro, Durango-Nayarit. Unidad Durango. Centro Interdisciplinario de Investigación para el Desarrollo Integral Regional. Instituto Politécnico Nacional. Bases de datos SNIB-CONABIO, proyecto GT015. México, D. F.",CC BY 4.0,2910,2910,
"Dunn, C. 2013. Bahamas Marine Mammal Research Organisation Opportunistic Sightings. Data downloaded from OBIS-SEAMAP (http://seamap.env.duke.edu/dataset/329) on yyyy-mm-dd. https://doi.org/10.15468/gecyyy accessed via GBIF.org on 2022-07-07.",CC BY-NC 4.0,2893,0,https://doi.org/10.15468/gecyyy
"Elizalde-Arellano C., J. C. López-Vidal, F. M. Morales-Mejía, L. Hernández y J. W. Laundré. 2013. Bases para el monitoreo de dos especies de carnívoros medianos en la Reserva de la Biosfera de Mapimí, Durango. Escuela Nacional de Ciencias Biológicas. Instituto Politécnico Nacional. Bases de datos SNIB-CONABIO, proyecto GT022. México, D. F.",CC BY 4.0,2829,2829,
"Flannery M, Fong J (2022). CAS Mammalogy (MAM). Version 133.333. California Academy of Sciences. Occurrence dataset https://doi.org/10.15468/dhbozg accessed via GBIF.org on 2022-07-07.",CC0 1.0,2769,2728,https://doi.org/10.15468/dhbozg
Molina K (2016). UCLA Donald R. Dickey Bird and Mammal Collection. UCLA-Dickey Collection (UCLA-Dickey). Occurrence dataset https://doi.org/10.15468/qv6cxl accessed via GBIF.org on 2022-07-07.,CC0 1.0,2741,1174,https://doi.org/10.15468/qv6cxl
"Marin V, Diaz K, Ceballos G (2024). Feline and other mammals monitoring in Tres Mesas wind farm - Tamaulipas, Mexico. ENGIE. Occurrence dataset https://doi.org/10.15468/vkajag accessed via GBIF.org on 2024-07-31.",CC BY-NC 4.0,2730,2730,https://doi.org/10.15468/vkajag
"Escalona-Segura G., X. L. García-Reynosa, W. Ku-Peralta, J. D. Cú-Vizcarra, K. P. Borges-Jesús, E. L. O. Hernández-Pérez, J. C. Sánchez-Martínez, T. E. Chi-Coyoc, M. A. Tuz-Collí, M. Rodríguez-Macedo, R. Puch-Chávez y G. M. Uc-Cua. 2017. Inventario de aves y mamíferos en humedales de Laguna de Términos y Pantanos de Centla en Tabasco y Campeche. El Colegio de la Frontera Sur Unidad Campeche. Bases de datos SNIB-CONABIO, proyecto LH009. Ciudad de México",CC BY 4.0,2656,2656,
"iNaturalist contributors, iNaturalist (2022). iNaturalist Research-grade Observations. iNaturalist.org. Occurrence dataset https://doi.org/10.15468/ab3s5x accessed via GBIF.org on 2022-07-07.",CC BY 4.0,2634,0,https://doi.org/10.15468/ab3s5x
"Reed D, Mathis V, Paine W (2022). UF Florida Museum of Natural History Mammals. Florida Museum of Natural History. Occurrence dataset https://doi.org/10.15468/kccunf accessed via GBIF.org on 2022-07-07.",CC BY-NC 4.0,2524,286,https://doi.org/10.15468/kccunf
Happywhale. 2021. Happywhale - Humpback Whale in North Pacific Ocean. Data downloaded from OBIS-SEAMAP (http://seamap.env.duke.edu/dataset/1765) on yyyy-mm-dd originated from Happywhale.com. https://doi.org/10.15468/7c2dqf accessed via GBIF.org on 2022-07-07.,CC BY-NC 4.0,2462,2462,https://doi.org/10.15468/7c2dqf
"Cáceres Gómez L F, Gutiérrez Triana L A, Ramos Pallares E P, Calderón Patiño J T, Cediel Martínez F J, Gutiérrez Ramírez A, Giraldo H, Rodríguez S M, Torres Chaparro M Y, Cáceres Gómez Á E, Caballero A. D V (2021). Muestreos de fauna silvestre existente en la franja de protección del embalse y áreas de reserva protectora de la Central Hidroeléctrica Sogamoso. Version 1.1. ISAGEN S.A. E.S.P.. Occurrence dataset https://doi.org/10.15472/njklte accessed via GBIF.org on 2022-07-07.",CC BY-NC 4.0,2401,0,https://doi.org/10.15472/njklte
"González-Cózatl F. 2012. Computarización de la colección de mamíferos del Centro de Educación Ambiental e Investigación Sierra de Huautla (CEAMISH) de la Universidad Autónoma del Estado de Morelos (UAEM). Colección CMC. Centro de Investigación en Biodiversidad y Conservación. Universidad Autónoma del Estado de Morelos. Bases de datos SNIB-CONABIO, proyecto HC022. México, D. F.",CC BY 4.0,2370,2370,
"Alvarez Mejìa L M, Betancourth A M, Gutierrez Hoyos N E, Meza Salazar A M, Llano Arias C A, Villareal Grisales A, Gomez Zuluaga G A, Bernal Florez K A, Alvarez Rodas L, Duque Orozco J M, Grande López V H, Ramos Arias Y, Gonzalez L A, Cortes Molina J G, Triana Moreno L A, Londoño Gutierrez N, Iglesias G E, Castañeda Arredondo S P, Villada Bedoya S, Fernandez Betancur C A, Vanegas Guerrero J, Obado Chacon J C, Moreno Lopez D, Peñuela M M, Rueda Arcila A L, Vallejo Espinosa L F, Álvarez Mejía L M (2021). Monitoreo Ambiental del Proyecto La Colosa. Version 2.2. Universidad de Caldas. Occurrence dataset https://doi.org/10.15472/lavgys accessed via GBIF.org on 2022-07-07.",CC0 1.0,2358,0,https://doi.org/10.15472/lavgys
"Álvarez-Castañeda S. T. 2007. Creación de la base de datos de los parques nacionales Sierra de San Pedro Mártir y Constitución de 1857, y de la reserva de la biosfera Islas del Golfo de California para el grupo de los mamíferos. Centro de Investigaciones Biológicas del Noroeste S. C. Bases de datos SNIB-CONABIO, proyecto BK011. México, D. F.",CC BY 4.0,2342,2342,
"Reyes-Amaya N, Borja-Acosta K (2022). Colección de Mamíferos del Instituto de Investigación de Recursos Biológicos Alexander von Humboldt (IAvH-M). Version 32.10. Instituto de Investigación de Recursos Biológicos Alexander von Humboldt. Occurrence dataset https://doi.org/10.15472/aghjkw accessed via GBIF.org on 2022-07-07.",CC BY-NC 4.0,2338,0,https://doi.org/10.15472/aghjkw
"Ramos-Fernández G. y T. Ortiz-Martínez. 2017. Evaluación del estado de conservación de las poblaciones de los primates silvestres (Ateles y Alouatta) en la región noreste del estado de Oaxaca y la península de Yucatán, mediante información sobre su distribución geográfica, abundancia y demografía. Unidad Oaxaca. Centro Interdisciplinario de Investigación para el Desarrollo Integral Regional. Instituto Politécnico Nacional. Bases de datos SNIB-CONABIO, proyecto HK009. Ciudad de México",CC BY 4.0,2280,2280,
"Sánchez Cordero-Dávila V., A. Rodríguez-Moreno y G. Gutiérrez-Granados. 2018. Síndrome de nariz blanca: Una zoonosis emergente que amenaza los quirópteros de México. Instituto de Biología. Universidad Nacional Autónoma de México. Bases de datos SNIB-CONABIO, proyecto ME008. Ciudad de México",CC BY 4.0,2216,2216,
"Stevick, P. 2013. YoNAH Encounter. Data downloaded from OBIS-SEAMAP (http://seamap.env.duke.edu/dataset/274) on yyyy-mm-dd. https://doi.org/10.15468/knz5d2 accessed via GBIF.org on 2022-07-07.",CC BY-NC 4.0,2030,0,https://doi.org/10.15468/knz5d2
"Scott-Morales L. y P. Vela-Coiffier. 2016. Modelos predictivos de distribución geográfica para Spizella wortheni, Cynomys mexicanus, Vulpes macrotis zinseri y Taxidea taxus berlandieri. Facultad de Ciencias Forestales. Universidad Autónoma de Nuevo León. Bases de datos SNIB-CONABIO, proyecto JM004. México, D. F.",CC BY 4.0,2019,2019,
"Miranda A. 1997. Deforestación y fragmentación del hábitat: consecuencias ecológicas sobre la fauna de mamíferos de la selva tropical estacional. Instituto de Ecología. Universidad Nacional Autónoma de México. Bases de datos SNIB-CONABIO, proyecto B033. México, D. F.",CC BY 4.0,2017,2017,
"León-Paniagua L. 1999. Distribución geográfica de las aves y los mamíferos del estado de Querétaro. Facultad de Ciencias. Universidad Nacional Autónoma de México. Bases de datos SNIB-CONABIO, proyecto H160. México, D. F.",CC BY 4.0,2007,2007,
"García-Mendoza D. F. 2015. Actualización de la base de datos de la Colección Regional Durango (Mammalia). Colección CRD. Unidad Durango. Centro Interdisciplinario de Investigación para el Desarrollo Integral Regional. Instituto Politécnico Nacional. Bases de datos SNIB-CONABIO, proyecto HA002. México, D. F.",CC BY 4.0,1974,1974,
"Guevara L, Vargas-Cuenca J, Hortelano-Moncada Y, Cervantes F A (2024). Small-eared shrews (Mammalia, Cryptotis) in the Neotropical region. Version 1.2. Biodiversity Data Journal. Occurrence dataset https://doi.org/10.15468/jbaf87 accessed via GBIF.org on 2025-09-01.",CC BY 4.0,1959,1959,https://doi.org/10.15468/jbaf87
"Escobar-Ocampo M. C., J. E. Morales-Pérez, Hernández-García E., J. Guzmán-Hernández, A. Riechers-Pérez y E. E. Espinoza-Medinilla. 2006. Sistematización de las colecciones científicas del Instituto de Historia Natural y Ecología, (IHNE) Chiapas. Instituto de Historia Natural y Ecología (IHNE). Bases de datos SNIB-CONABIO, proyectos V050, L018, L003 y P060. México, D. F.",CC BY 4.0,1920,1920,
"Jimenez Ortega A M, Medina O (2021). Colección Teriológica de la Universidad Tecnológica del Chocó. Version 5.4. Universidad Tecnológica del Chocó. Occurrence dataset https://doi.org/10.15472/nhehct accessed via GBIF.org on 2022-07-07.",CC0 1.0,1858,0,https://doi.org/10.15472/nhehct
"Nino Reyes A, Corral Gómez J N (2022). Línea base general de mamíferos para el valle medio del Magdalena - VMM. Version 1.2. Instituto de Investigación de Recursos Biológicos Alexander von Humboldt. Sampling event dataset https://doi.org/10.15472/mdbw96 accessed via GBIF.org on 2022-07-07.",CC BY-NC 4.0,1843,0,https://doi.org/10.15472/mdbw96
"Urbán-Ramírez J. 2000. Ecología y genética poblacional de la ballena gris Eschrichtius robustus en la Península de Baja California. Universidad Autónoma de Baja California Sur. Bases de datos SNIB-CONABIO, proyecto L229. México, D. F.",CC BY 4.0,1842,1842,
"Ramírez Fráncel L A, Ramirez Fráncel L A (2021). Colección Zoológica de la Universidad del Tolima (CZUT)- Mastozoología. Version 2.3. Universidad del Tolima. Occurrence dataset https://doi.org/10.15472/kbyfsj accessed via GBIF.org on 2022-07-07.",CC BY 4.0,1796,0,https://doi.org/10.15472/kbyfsj
"Ramírez Pulido J. 2007. Diversidad de los mamíferos de la Reserva de la biósfera Tehuacán-Cuicatlán, Puebla-Oaxaca, México. Unidad Iztapalapa. Universidad Autónoma Metropolitana. Bases de datos SNIB-CONABIO, proyecto BK022. México, D. F.",CC BY 4.0,1773,1773,
Henao-Diaz F (2022). Registros Primates Neotropicales Convocatoria APC. Version 3.4. Asociación Primatológica Colombiana. Occurrence dataset https://doi.org/10.15472/wjgj7v accessed via GBIF.org on 2022-07-07.,CC BY-NC 4.0,1675,1,https://doi.org/10.15472/wjgj7v
"Sonozotz-Asociación Mexicana de Mastozoología. 2021. Compilación de fonoteca de referencia de murciélagos insectívoros de México: Fase I. Asociación Mexicana de Mastozoología. Bases de datos SNIB-CONABIO, proyecto ME004. Ciudad de México",CC BY 4.0,1675,1675,
"Restrepo-Isaza A (2021). Fototrampeo en el departamento del Putumayo, proyecto Gran Tierra-Amerisur. Version 1.1. Instituto de Investigación de Recursos Biológicos Alexander von Humboldt. Sampling event dataset https://doi.org/10.15472/2twpun accessed via GBIF.org on 2022-07-07.",CC BY-NC 4.0,1652,0,https://doi.org/10.15472/2twpun
"López-González C. y H. S. Espinosa-Pérez. 2004. Peces y Mamíferos de la región de Norogachi, Alta Sierra Tarahumara, Chihuahua. Unidad Durango. Centro Interdisciplinario de Investigación para el Desarrollo Integral Regional. Instituto Politécnico Nacional. Bases de datos SNIB-CONABIO, proyecto X011. México, D. F.",CC BY 4.0,1643,1643,
Toro J L (2021). Inventario de fauna presente en la jurisdicción de Corantioquia. Version 4.7. Corantioquia - Corporación Autónoma Regional del Centro de Antioquia. Occurrence dataset https://doi.org/10.15472/mczrsz accessed via GBIF.org on 2022-07-07.,CC0 1.0,1640,0,https://doi.org/10.15472/mczrsz
"Pérez Torres J, Pantoja Peña G E, Cruz-Rodríguez C A, Chala Quintero S M, Herrera Collazos E E, Rodríguez Morales M A (2021). Colección de mamíferos del Museo de Historia Natural de la Pontificia Universidad Javeriana. Version 4.9. Pontificia Universidad Javeriana. Occurrence dataset https://doi.org/10.15472/r6zvqk accessed via GBIF.org on 2022-07-07.",CC BY-NC 4.0,1621,0,https://doi.org/10.15472/r6zvqk
Quintana Vargas A (2021). Biodiversidad de un bosque seco tropical del Valle Medio del río Magdalena: evaluación integrada a través de multitaxones. Version 1.2. Instituto de Investigación de Recursos Biológicos Alexander von Humboldt. Occurrence dataset https://doi.org/10.15472/ptmv1d accessed via GBIF.org on 2022-07-07.,CC BY-NC 4.0,1610,0,https://doi.org/10.15472/ptmv1d
"Gual D. M., C. A. Rendón, Alamilla F. L., R. P. Cifuentes y R. A. T. Lozano. 2013. Bosque Mesófilo de Montaña de México. Comisión Nacional para el Conocimiento y Uso de la Biodiversidad (CONABIO). Bases de datos SNIB-CONABIO. México, D. F.",CC BY 4.0,1581,1581,
"Guevara, L., Vargas-Cuenca, J., Hortelano-Moncada, Y., Cervantes F. A. 2024. Una base de datos basada en ejemplares voucher de musarañas de orejas pequeñas (Mammalia, Eulipotyphla, Cryptotis) en la región neotropical. Instituto de Biología, Universidad Nacional Autónoma de México. Bases de datos SNIB-CONABIO, proyecto Z072. Ciudad de México",CC BY 4.0,1542,912,
"Diaz Pulido A, Díaz Pulido A (2021). Fototrampeo de los bosques montanos del Oriente Antioqueño, Cañón del río Melcocho, en el municipio de El Carmen de Viboral, Antioquia - Proyecto Colombia BIO. Version 1.3. Instituto de Investigación de Recursos Biológicos Alexander von Humboldt. Occurrence dataset https://doi.org/10.15472/nzxz6c accessed via GBIF.org on 2022-07-07.",CC BY-NC 4.0,1495,0,https://doi.org/10.15472/nzxz6c
"European Bioinformatics Institute (EMBL-EBI), GBIF Helpdesk (2022). INSDC Sequences. Version 1.8. European Nucleotide Archive (EMBL-EBI). Occurrence dataset https://doi.org/10.15468/sbmztx accessed via GBIF.org on 2022-07-07.",CC BY 4.0,1475,1475,https://doi.org/10.15468/sbmztx
Happywhale. 2021. Happywhale - Humpback Whale in North Atlantic Ocean. Data downloaded from OBIS-SEAMAP (http://seamap.env.duke.edu/dataset/1764) on yyyy-mm-dd originated from Happywhale.com. https://doi.org/10.15468/xhfm33 accessed via GBIF.org on 2022-07-07.,CC0 1.0,1468,0,https://doi.org/10.15468/xhfm33
"Velásquez Roa T, Calvache Sánchez C (2021). Mamíferos presentes en 10 remanentes de Bosque seco Tropical del Valle del Cauca. Version 1.2. Instituto para la Investigación y la Preservación del Patrimonio Cultural y Natural del Valle del Cauca - INCIVA. Occurrence dataset https://doi.org/10.15472/d5kpvg accessed via GBIF.org on 2022-07-07.",CC BY 4.0,1465,0,https://doi.org/10.15472/d5kpvg
"Lasso Alcalá C, Quintana Vargas A (2021). Fototrampeo de sistemas cársticos en el municipio de El Peñón, Santander - Proyecto Colombia BIO. Version 1.2. Instituto de Investigación de Recursos Biológicos Alexander von Humboldt. Occurrence dataset https://doi.org/10.15472/ewgdzs accessed via GBIF.org on 2022-07-07.",CC BY-NC 4.0,1450,0,https://doi.org/10.15472/ewgdzs
"Sanchez-Lobo D M, Zuluaga-Gómez M A, Torres-Angulo K C, Quintero-Cardozo J A, Flórez Salazar J M, Porras Atencia O O (2021). Mamíferos asociados a un bosque húmedo tropical de Barrancabermeja, Santander. Version 1.1. Instituto Universitario de la Paz. Occurrence dataset https://doi.org/10.15472/awvolw accessed via GBIF.org on 2022-07-07.",CC BY-NC 4.0,1412,0,https://doi.org/10.15472/awvolw
"Arroyo-Cabrales J. 2010. Catálogo de los mamíferos de México en resguardo de The Natural History Museum (London), Inglaterra. Instituto Nacional de Antropología e Historia. Universidad Nacional Autónoma de México. Bases de datos SNIB-CONABIO, proyecto DE020. México, D. F.",CC BY 4.0,1401,1401,
University of Minnesota Bell Museum (2022). Bell Museum mammals. Occurrence dataset https://doi.org/10.15468/nefklq accessed via GBIF.org on 2022-07-07.,CC0 1.0,1306,1140,https://doi.org/10.15468/nefklq
Lafon T (2018). Censo de primates de la Fundación Entropika. Version 3.5. Fundación Entropika. Occurrence dataset https://doi.org/10.15472/srh27t accessed via GBIF.org on 2022-07-07.,CC BY-NC 4.0,1302,0,https://doi.org/10.15472/srh27t
"Grilo C, Neves T, Bates J, le Roux A, Medrano-Vizcaíno P, Quaranta M, Silva I, Soanes K, Wang Y, Abate S, Abra F, Aldaz-Cedeño S, Alencar P, Almeida M, Alves M, Alves P, Ambrozio-Assis A, Ament R, Andrášik R, Araguillin E, Araújo D, Araujo-Quintero A, Arca-Rubio J, Arianejad M, Armas C, Arnold E, Ascensão F, Azhar B, Baek S, Bajpai H, Bakaloudis D, Balbino- Silva A, Balestrieri A, Balestrieri R, Bansal U, Barbraud C, Barg A, Barrientos R, Barth P, Bartonička T, Basile M, Bastianelli M, Batista G, Baxter-Gilbert J, Beduschi J, Behera S, Bélanger-Smith K, Belkacem M, Benedetti Y, Benitez-Badillo G, Betlhoff J, Beulahbah A, Bezerra A, Bíl M, Blamires D, Bogoni J, Bontzorlos V, Borzee A, Boves T, Bovo A, Boyle S, Bueno C, Bukombe J, Bülbül U, Cabrera-García M, Cacciali P, Camacho C, Campos A, Campos J, Canal D, Canova L, Canul Chuc P, Caravaggi A, Carlson B, Carmona G, Cartes J, Carvalho F, Castelazo-Calva V, Castillo H, Ceron K, Cervantes-Huerta R, Červinka J, Chala D, Charney N D, Chatfield M, Cherem J, Chruszcz B, Çiçek K, Cícha V, Cicort-Lucaciu A, Clevenger A, Colino-Rabanal V, Collinson W, Colombo P, Costa A, Costa G, Costa J, Costa-Silva A, Covaciu-Marcov S, Cove M, Crandall K A, Crane M, Crivellari L, Cunha A, Cunha H, Cunha M, Cupșa D, D'Amico M, Das J, de Barros K, de los Reyes Lara L, Delgado J, Desai S, Desbiez A, Desrochers A, Dias R, Dias T, Duengkae P, Duľa M, Durán-Antonio J, Engleder T, Ernst M, Failla M, Faiz A, Falaschi M, Fantacini F, Ferenți S, Ferreira M, Ferrer M, Filho R, Filius J, Fischer P, Foltête J, Fontes M, Franch M, Freire M, Fyumagwa R, Gallego-García D, Gálvez D, Gama-Campillo L, Garcia N, García-Carrasco J, Garriga N, Gavril V, Geller I, Gherghel I, Girardet X, Gohlke S, Gomides S, González-Calderón A, González-Gallina A, Gordillo-Chávez E, Green-Barber J, Gunson K, Haileselasie T, Hamici F, Hannibal W, Hariohay K M, Hazrati M, Heber S, Heiermann D, Hernandez A, Herrmann M, Heurich M, Hidalgo-Mihart M, Hooft P, Huck S, Huijser M, Husby M, Jaeger J, Jakubas D, Janík T, Jarrín-V P, Jirků M, Joshi N, Joshi R, Juilliard R, Junior M, Junior W, Kaczmarski M, Kang W, Karthick P, Karthick S, Karunarathna S, Karuppusamy S, Kassie A, Keken Z, Kellermann A, Kelly E, Khandakar N, Kindel A, Knitter D, Koç-Gür H, Kolenda K, Kotsonas E, Kubeček J, Kummoo W, Kušta T, Lahkar B, Langbein J, Lapadula S, Larreátegui-Palma M, Lazaridou D, Lazarus M, Leal C, LeClair G, Lee S, Lehn C, Leite L, Leona Princy J, Leontiou S, Lermen I, Lesbarrères D, Li Q, Litskas V, Litzgus J, Liu Y, Llorente Cabrera G, Loehr V, Lopes E, Lord I, Ludgate R, Luna-Ruíz R, Lyamuya R, Machado F, Machado R, Macías-González M, MacPherson J, Magioli M, Manenti R, Manhas A, Marchesini R, Marko A, Marneweck D, Martínez J, Martínez-Freiría F, Martins L, Masenga E, Mata-Zayas E, Mattia D, Mattisson J, Mayadunnage S, Mayer M, McLennan M, Mdaki M, Melenciuc R, Melo F, Melo F, Meneguz P, Menezes J, Menger T, Mesfin M, Meza-Joya F, Miranda J, Miyamoto A, Moguel-Ordóñez E, Mohammadi A, Montori A, Morelli F, Moreno-Baez M, Moreno-Rueda G, Moriano R, Moura A, Mulualem G, Mundy C, Mwakalebe G, Mysłajek R, Najafi-Majd E, Nasir A, Navarro S, Neda B, Nelli L, Neudert J, Nieuwenhuis M, Nkwabi A, Nowak S, Old J, Oliveira- Santos L, Oliveira D, Oliveira G, Oliveira J, Oliveira S, Orozco-Valor P, Orsi M, Ortega Z, Ottburg F, Özcan A, Özkan H, Paansri P, Pacheco-Figueroa C, Parmelee J, Patterson-Abrolat C, Pease B, Pereira A, Pereira D, Pereira J, Pereira J, Pereira K, Pereira M, Perelló M, Peters W, Piguave-Anchundia O, Pither R, Plante J, Plodowski G, Pop D, Prakash L, Qashqaei A, Quiles P, Rai A, Ramos E, Rascon N, Rassati G, Read K, Redinger J, Revilla E, Ribeiro P, Ribeiro Y, Riley J, Rocha D, Rocha L, Rocha V, Rodrigues R, Rodríguez A, Rodríguez B, Rojas-Soto O, Rolheiser M, Román J, Romportl D, Rosa C, Røskaft E, Ryś M, Sá G, Sachet J, Sacramento E, Saenz J, Sahlean T, Saito E, Salas J, Šálek M, Samson A, Sanjar A, Santacruz M, Santhoshkumar P, Santiago-Plata V, Santos A, Santos X, Sarasola J H, Sarıkurt S, Savini T, Sayers S, Schalk C, Schmidt G, Seburn D, Sedoník J, Seijas A, Sekiama M, Sforza S, Sharma B, Shrestha B, Sidooski R, Sillero N, Silva A, Silva A, Silva D, Silva E, Slomp D, Soofi M, Sosa R, Souza M, Souza W, Spanowicz A, Stanciu C, Stannard H, Sternberg M, Stonecipher G, Strugariu A, Suksavate W, Surasinghe T, Swanepoel L, Swarts H, Tamanha S, Teampanpong J, Teferi M, Teixeira F, Tejera G, Teles L, Tesfahunegny W, Thompson B, Tizzani P, Trakimas G, Umetsu R, Utsa P, Vadodariya V, Valdez-Leal J, Valerio F, van der Grift E, van der Hoek Y, Vasava A, Velázquez N, Velo-Antón G, Vianna V, Vidotto-Magnoni A, Vogiatzakis I, Wale M, Watari Y, Williams S, Winter M, Woo D, Yabu M, Yadav P, Yahya M, Yogui D, Zaharia R, Zakaria S, Zank C, Zanzini A, Zeferino G, Zenere J, Zocche J, Zoel L, Zotos S, Guinard E (2025). Global Roadkill Data: a dataset on terrestrial vertebrate mortality caused by collision with vehicles (Opportunistic Records). Version 1.6. CIBIO (Research Center in Biodiversity and Genetic Resources) Portugal. Occurrence dataset https://doi.org/10.1038/s41597-024-04207-x accessed via GBIF.org on 2025-09-01.",CC BY 4.0,1282,1282,https://doi.org/10.1038/s41597-024-04207-x
"Rodríguez Posada M E, Fernández Rodríguez R C, Carantón D, Mora Fernandez C (2020). Diagnóstico y monitoreo de la diversidad biológica de las sabanas inundables en Casanare. Primera etapa: mamíferos y aves. Version 1.1. Fundación Reserva Natural La Palmita - Centro de Investigación. Occurrence dataset https://doi.org/10.15472/s8gb08 accessed via GBIF.org on 2022-07-07.",CC BY-NC 4.0,1263,0,https://doi.org/10.15472/s8gb08
"Orrell T, Informatics Office (2022). NMNH Material Samples (USNM). Version 1.42. National Museum of Natural History, Smithsonian Institution. Occurrence dataset https://doi.org/10.15468/jb9tdf accessed via GBIF.org on 2022-07-07.",CC0 1.0,1189,0,https://doi.org/10.15468/jb9tdf
"Farfan Espinosa E F, Valencia Mazo J D, Moreno Oliveros A, Velásquez Valencia A (2022). Colección de Mamíferos del Museo de Historia Natural de la Universidad de la Amazonia (UAM-M). Version 2.4. Universidad de la Amazonia. Occurrence dataset https://doi.org/10.15472/76o7go accessed via GBIF.org on 2022-07-07.",CC BY 4.0,1186,0,https://doi.org/10.15472/76o7go
CONABIO. 2019. Naturalista. Comisión Nacional para el Conocimiento y Uso de la Biodiversidad (CONABIO). Bases de datos SNIB-CONABIO. Ciudad de México,CC BY-NC-SA 4.0,1174,1173,
"Álvarez-Castañeda S. T. y E. Rios. 2019. Inventario faunístico de dos regiones terrestres prioritarias de la península de Baja California: San Telmo-San Quintín y Planicies de Magdalena. Centro de Investigaciones Biológicas del Noroeste, S. C. Bases de datos SNIB-CONABIO, proyecto JF209. Ciudad de México",CC BY 4.0,1174,1174,
"Altamirano-González-Ortega M. A., J. Guzmán-Hernández, R. Luna-Reyes, A. Riechers-Pérez y R. Vidal-López. 2007. Vertebrados terrestres del parque nacional Cañón del Sumidero, Chiapas, México. Dirección de Investigación. Instituto de Historia Natural y Ecología (IHNE). Bases de datos SNIB-CONABIO, proyecto BK003. México, D. F.",CC BY 4.0,1173,1173,
CONABIO. 2023. Naturalista. Comisión Nacional para el Conocimiento y Uso de la Biodiversidad (CONABIO). Bases de datos SNIB-CONABIO. Ciudad de México,CC BY-NC-SA 4.0,1161,1156,
"Diaz Lopez D L, Mora Fernández C, Rodríguez Posada M E (2020). Caracterización de Fauna y Flora en ecosistemas de piedemonte, montaña y humedales en el departamento del Casanare. Version 1.4. Fundación Reserva Natural La Palmita - Centro de Investigación. Occurrence dataset https://doi.org/10.15472/fvmxmo accessed via GBIF.org on 2022-07-07.",CC0 1.0,1131,0,https://doi.org/10.15472/fvmxmo
"Guarón A. D., M. A. Martínez-Morales, D. Valenzuela-Galván, E. Vázquez-Domínguez y L. B. Vázquez. 2017. Diagnóstico de las invasiones biológicas de vertebrados exóticos en la Isla Cozumel y propuesta de plan para su manejo. Servicios Ambientales, Conservación Biológica y Educación (SACBÉ). Bases de datos SNIB-CONABIO, proyecto LI028. Ciudad de México",CC BY 4.0,1131,1131,
CONABIO. 2021. Naturalista. Comisión Nacional para el Conocimiento y Uso de la Biodiversidad (CONABIO). Bases de datos SNIB-CONABIO. Ciudad de México,CC BY-NC-SA 4.0,1068,1030,
Shugart G (2016). PSM Vertebrates Collection. Version 8.1. James R. Slater Museum of Natural History. Occurrence dataset https://doi.org/10.15468/3oaz5o accessed via GBIF.org on 2022-07-07.,CC0 1.0,1063,148,https://doi.org/10.15468/3oaz5o
CONABIO. 2023. Naturalista. Comisión Nacional para el Conocimiento y Uso de la Biodiversidad (CONABIO). Bases de datos SNIB-CONABIO. Ciudad de México,CC BY-NC-ND 4.0,1053,996,
"Quinceno M P, Parada J (2017). Evaluación del estado actual de las poblaciones silvestres de chigüiros (Hydrochoerus hydrochaeris) en los municipios de Paz de Ariporo y Hato Corozal, Casanare. Version 3.2. Instituto de Investigación de Recursos Biológicos Alexander von Humboldt. Occurrence dataset https://doi.org/10.15472/b8bskb accessed via GBIF.org on 2022-07-07.",CC BY-NC 4.0,1037,0,https://doi.org/10.15472/b8bskb
"Gerrodette, T. 2004. SWFSC Marine Mammal Survey, PODS 1993, Cruise 1509. Data downloaded from OBIS-SEAMAP (http://seamap.env.duke.edu/dataset/215) on yyyy-mm-dd. https://doi.org/10.15468/y4d59q accessed via GBIF.org on 2022-07-07.",CC BY-NC 4.0,1017,1009,https://doi.org/10.15468/y4d59q
CONABIO. 2019. Naturalista. Comisión Nacional para el Conocimiento y Uso de la Biodiversidad (CONABIO). Bases de datos SNIB-CONABIO. Ciudad de México,CC BY 4.0,1005,1005,
"Sosa-Fernández V., A. Hernández y J. Bello. 1998. Inventario de los mamíferos de las reservas de la biósfera Mapimí, La Michilía, El Cielo y Calakmul. Instituto de Ecología. Bases de datos SNIB-CONABIO, proyecto P027. México, D. F.",CC BY 4.0,991,991,
"Parra A, Cifuentes A, Martínez J, Melchor A, Saavedra C, López D, Guzmán J, Pérez A, García A, Hernández A, Alférez J, González V, Lezama B, Goldstein I, Márquez R, Herrera C, Bianchi G, Cepeda W, Hernandez M (2021). Monitoreo de la ocupación del Oso Andino (Tremarctos ornatus) en el Parque Nacional Natural Chingaza. Version 1.3. Parques Nacionales Naturales de Colombia. Sampling event dataset https://doi.org/10.15472/n2wqjr accessed via GBIF.org on 2022-07-07.",CC BY-NC 4.0,979,0,https://doi.org/10.15472/n2wqjr
"León-Cortés J. L. 2005. Patrones de diversidad florística y faunística del área focal Ixcan, selva Lacandona, Chiapas. Unidad San Cristóbal de las Casas. El Colegio de la Frontera Sur. Bases de datos SNIB-CONABIO, proyecto Y036. México, D. F.",CC BY 4.0,973,973,
Zurc D (2021). Colección de mamíferos Museo de Ciencias Naturales de La Salle. Version 1.1. Instituto Tecnológico Metropolitano. Occurrence dataset https://doi.org/10.15472/wrky7l accessed via GBIF.org on 2022-07-07.,CC BY-NC 4.0,965,0,https://doi.org/10.15472/wrky7l
"Sierra Paz S, Cáceres Franco A D P (2020). Mamíferos de 14 municipios del Departamento del Valle del Cauca para el fortalecimiento de RNSC y Caracterización de Predios Adquiridos para la Conservación de Cuencas. Version 2.2. Corporación para la gestión ambiental Biodiversa. Occurrence dataset https://doi.org/10.15472/7utk0s accessed via GBIF.org on 2022-07-07.",CC BY-NC 4.0,957,0,https://doi.org/10.15472/7utk0s
McCormack J (2022). MLZ Mammal Collection (Arctos). Version 33.64. Moore Laboratory of Zoology. Occurrence dataset https://doi.org/10.15468/febsny accessed via GBIF.org on 2022-07-07.,CC0 1.0,940,940,https://doi.org/10.15468/febsny
"Peña J L, Galíndez N F (2022). Fauna vertebrada registrada mediante monitoreo con camaras trampa en reservas naturales del municipio de Pitalito, Huila. Version 1.2. Alcaldía de Pitalito. Occurrence dataset https://doi.org/10.15472/lar3gg accessed via GBIF.org on 2022-07-07.",CC BY-NC 4.0,926,0,https://doi.org/10.15472/lar3gg
Peréz Gallego C M (2018). Registros biológicos de especies de fauna vertebrada terrestre en las centrales de San Carlos y Jaguas - 2007. Version 5.3. ISAGEN S.A. E.S.P.. Occurrence dataset https://doi.org/10.15472/kgovhx accessed via GBIF.org on 2022-07-07.,CC0 1.0,923,0,https://doi.org/10.15472/kgovhx
"Aurioles-Gamboa D. 1999. Ecología poblacional y alimentaria del lobo marino de California en la Bahía de La Paz, BCS, Golfo de California. Centro Interdisciplinario de Ciencias Marinas. Instituto Politécnico Nacional. Bases de datos SNIB-CONABIO (Zalophus californianus y peces), proyecto H081. México, D. F.",CC BY 4.0,890,890,
"Rubiano F A, Sylva Palacio N (2022). Registros de fauna rescatada, ahuyentada y reubicada en predios de Mineros Aluvial. Mineros Aluvial S.A.S. BIC. Occurrence dataset https://doi.org/10.15472/ek38js accessed via GBIF.org on 2022-07-07.",CC BY-NC 4.0,852,0,https://doi.org/10.15472/ek38js
CONABIO. 2023. Naturalista. Comisión Nacional para el Conocimiento y Uso de la Biodiversidad (CONABIO). Bases de datos SNIB-CONABIO. Ciudad de México,CC BY 4.0,850,798,
"Halffter-Salas G. 2009. Análisis de las relaciones entre las diversidades alfa, beta y gamma a distintos niveles de escala espacial: Procesos históricos y ecológicos que intervienen. V Etapa. Instituto de Ecología. Bases de datos SNIB-CONABIO, proyectos EE005, BE012, U030 y K038. México, D. F.",CC BY 4.0,845,845,
Bradley J (2022). UWBM Mammalogy Collection (Arctos). University of Washington Burke Museum. Occurrence dataset https://doi.org/10.15468/qziy3w accessed via GBIF.org on 2022-07-07.,CC0 1.0,844,662,https://doi.org/10.15468/qziy3w
"Payám E, Mejía Á, Salazar M C (2021). Registros de vertebrados durante el convenio 105- 2017 entre Panthera y la CVC. Version 1.3. Fundación Panthera Colombia. Occurrence dataset https://doi.org/10.15472/baarhb accessed via GBIF.org on 2022-07-07.",CC BY-NC 4.0,833,0,https://doi.org/10.15472/baarhb
"Woolmer, G. 2013. Historical distribution of whales shown by logbook records 1785-1913. Data downloaded from OBIS-SEAMAP (http://seamap.env.duke.edu/dataset/885) on yyyy-mm-dd. https://doi.org/10.15468/jyp4fg accessed via GBIF.org on 2022-07-07.",CC BY 4.0,831,324,https://doi.org/10.15468/jyp4fg
naturgucker.de. naturgucker. Occurrence dataset https://doi.org/10.15468/uc1apo accessed via GBIF.org on 2022-07-07.,CC BY 4.0,824,0,https://doi.org/10.15468/uc1apo
Serrano Cardozo V H (2021). Colección Mastozoológica de la Universidad Industrial de Santander. Version 4.9. Universidad Industrial de Santander. Occurrence dataset https://doi.org/10.15472/tnfgvi accessed via GBIF.org on 2022-07-07.,CC BY-NC 4.0,822,0,https://doi.org/10.15472/tnfgvi
"Marín Builes S, Hinestroza Blandón L M (2021). Mamíferos medianos y grandes de la Central Hidroeléctrica San Carlos (Antioquia), en el primer semestre del año 2021. ISAGEN S.A. E.S.P.. Occurrence dataset https://doi.org/10.15472/stzvkd accessed via GBIF.org on 2022-07-07.",CC0 1.0,780,0,https://doi.org/10.15472/stzvkd
"Grilo C, Neves T, Bates J, le Roux A, Medrano-Vizcaíno P, Quaranta M, Silva I, Soanes K, Wang Y, Abate S, Abra F, Aldaz-Cedeño S, Alencar P, Almeida M, Alves M, Alves P, Ambrozio-Assis A, Ament R, Andrášik R, Araguillin E, Araújo D, Araujo-Quintero A, Arca-Rubio J, Arianejad M, Armas C, Arnold E, Ascensão F, Azhar B, Baek S, Bajpai H, Bakaloudis D, Balbino- Silva A, Balestrieri A, Balestrieri R, Bansal U, Barbraud C, Barg A, Barrientos R, Barth P, Bartonička T, Basile M, Bastianelli M, Batista G, Baxter-Gilbert J, Beduschi J, Behera S, Bélanger-Smith K, Belkacem M, Benedetti Y, Benitez-Badillo G, Betlhoff J, Beulahbah A, Bezerra A, Bíl M, Blamires D, Bogoni J, Bontzorlos V, Borzee A, Boves T, Bovo A, Boyle S, Bueno C, Bukombe J, Bülbül U, Cabrera-García M, Cacciali P, Camacho C, Campos A, Campos J, Canal D, Canova L, Canul Chuc P, Caravaggi A, Carlson B, Carmona G, Cartes J, Carvalho F, Castelazo-Calva V, Castillo H, Ceron K, Cervantes-Huerta R, Červinka J, Chala D, Charney N D, Chatfield M, Cherem J, Chruszcz B, Çiçek K, Cícha V, Cicort-Lucaciu A, Clevenger A, Colino-Rabanal V, Collinson W, Colombo P, Costa A, Costa G, Costa J, Costa-Silva A, Covaciu-Marcov S, Cove M, Crandall K A, Crane M, Crivellari L, Cunha A, Cunha H, Cunha M, Cupșa D, D'Amico M, Das J, de Barros K, de los Reyes Lara L, Delgado J, Desai S, Desbiez A, Desrochers A, Dias R, Dias T, Duengkae P, Duľa M, Durán-Antonio J (2025). Global Roadkill Data: a dataset on terrestrial vertebrate mortality caused by collision with vehicles (Systematic Records). Version 1.7. CIBIO (Research Center in Biodiversity and Genetic Resources) Portugal. Sampling event dataset https://doi.org/10.1038/s41597-024-04207-x accessed via GBIF.org on 2025-09-01.",CC BY 4.0,765,765,https://doi.org/10.1038/s41597-024-04207-x
"iNaturalist contributors, iNaturalist (2022). iNaturalist Research-grade Observations. iNaturalist.org. Occurrence dataset https://doi.org/10.15468/ab3s5x accessed via GBIF.org on 2022-07-07.",CC0 1.0,749,0,https://doi.org/10.15468/ab3s5x
Borja-Acosta K (2022). Colección de Tejidos del Instituto de Investigación de Recursos Biológicos Alexander von Humboldt (IAvH-CT). Version 20.6. Instituto de Investigación de Recursos Biológicos Alexander von Humboldt. Occurrence dataset https://doi.org/10.15472/9uddlh accessed via GBIF.org on 2022-07-07.,CC BY-NC 4.0,731,0,https://doi.org/10.15472/9uddlh
"Cervantes-Reza F. A. 2000. Sistemática y biogeografía del género Reithrodontomys (Rodentia: Muridae). Instituto de Biología. Universidad Nacional Autónoma de México. Bases de datos SNIB-CONABIO, proyecto L313. México, D. F.",CC BY 4.0,705,648,
CONABIO. 2022. Naturalista. Comisión Nacional para el Conocimiento y Uso de la Biodiversidad (CONABIO). Bases de datos SNIB-CONABIO. Ciudad de México,CC BY 4.0,702,654,
"Ramsey, J., K. De la Cruz, E. Tun-Ku. 2008. Análisis de la importancia epidemiológica relativa de los genotipos de Triatoma dimidiata en la transmisión de la enfermedad de Chagas en el sur de México. Centro Regional de Investigación en Salud Pública, INSP. México",CC BY 4.0,702,702,
"Arellano, E., J. Ramsey, K. De la Cruz, S. Albino, R. Vallejo. 2010. Identificación de factores biológicos determinantes para el control de la enfermedad de Chagas en Morelos. CIBYC-UAEM Centro de Investigación en Biodiversidad y Conservación, Universidad Autónoma del Estado de Morelos. México",CC BY 4.0,688,688,
"Sandoval-Comte A. y S. Mandujano-Rodríguez. 2015. Modelación de la distribución y abundancia de las subespecies de venado cola blanca en México: implicaciones de conservación y manejo. Instituto de Ecología. Bases de datos SNIB-CONABIO, proyecto JM016. México, D. F.",CC BY 4.0,683,356,
"Moreno Santoyo E. 2020. Proyecto de Licuefacción de Gas Natural en Energía Costa Azul. ECA Liquefaction S. de R.L. de C.V. Ensenada, BC. México. Bases de datos SNIB-CONABIO (fauna-rescate-reubicación), proyecto Z069. Ciudad de México",CC BY 4.0,675,675,
"Muñiz-Martínez R. 2001. Vertebrados terrestres de San Juan de Camarones, Durango. Unidad Durango. Centro Interdisciplinario de Investigación para el Desarrollo Integral Regional. Instituto Politécnico Nacional. Bases de datos SNIB-CONABIO (vertebrados y plantas), proyecto R008. México, D. F.",CC BY 4.0,675,675,
Herrera Varon Y (2020). Mamíferos y aves medianos y grandes de los Montes de María - Programa Riqueza Natural (USAID). Instituto de Investigación de Recursos Biológicos Alexander von Humboldt. Sampling event dataset https://doi.org/10.15472/vhddix accessed via GBIF.org on 2022-07-07.,CC BY-NC 4.0,668,0,https://doi.org/10.15472/vhddix
Schmidt C (2016). FHSM Mammals Collection. Fort Hays Sternberg Museum of Natural History. Occurrence dataset https://doi.org/10.15468/7trvzo accessed via GBIF.org on 2022-07-07.,CC0 1.0,668,668,https://doi.org/10.15468/7trvzo
"Ballance L, Moore J, OBIS-SEAMAP (2022). SWFSC Marine Mammal Survey, STAR 2006, Cruise 1630. Version 2.0. OBIS-SEAMAP. Occurrence dataset https://doi.org/10.15468/udrxs3 accessed via GBIF.org on 2022-07-07.",CC BY-NC 4.0,662,655,https://doi.org/10.15468/udrxs3
"Whitt, A. 2015. Marine mammal records of Cuba. Data downloaded from OBIS-SEAMAP (http://seamap.env.duke.edu/dataset/1190) on yyyy-mm-dd. https://doi.org/10.15468/5xe5wm accessed via GBIF.org on 2022-07-07.",CC BY 4.0,659,3,https://doi.org/10.15468/5xe5wm
Department of Natural and Environmental Resources of Puerto Rico (2019) Puerto Rico Long-Term Coral Reef Monitoring Program Database Compilation (1999-2019). [indicate subset used]. Ocean Biogeographic Information System. Dataset. https://obis.org/dataset/52f99f08-fc90-4684-aea8-a015150968ea https://doi.org/10.15468/heuugg accessed via GBIF.org on 2022-02-12. accessed via GBIF.org on 2022-02-13. accessed via GBIF.org on 2022-07-07.,CC0 1.0,657,0,https://doi.org/10.15468/heuugg
CONABIO. 2025. Naturalista. Comisión Nacional para el Conocimiento y Uso de la Biodiversidad (CONABIO). Bases de datos SNIB-CONABIO. Ciudad de México,CC BY 4.0,654,591,
CONABIO. 2022. Naturalista. Comisión Nacional para el Conocimiento y Uso de la Biodiversidad (CONABIO). Bases de datos SNIB-CONABIO. Ciudad de México,CC BY-NC-ND 4.0,649,636,
"Mayfield-Meyer T, Zhuang V (2022). UTEP Fossils (Arctos). Version 1.57. University of Texas at El Paso Biodiversity Collections. Occurrence dataset https://doi.org/10.15468/vxnhvk accessed via GBIF.org on 2022-07-07.",CC0 1.0,644,644,https://doi.org/10.15468/vxnhvk
Cárdenas Hincapié J S (2021). Colección de Mamíferos Museo de La Salle Bogotá (MLS). Version 4.5. Universidad de la Salle. Occurrence dataset https://doi.org/10.15472/rpxp1w accessed via GBIF.org on 2022-07-07.,CC BY 4.0,633,0,https://doi.org/10.15472/rpxp1w
"Madriñán L F, Rojas Salazar L E (2021). Fauna y flora en áreas con cultivos de palma de aceite en el norte y oriente de Colombia. Version 1.1. Instituto de Investigación de Recursos Biológicos Alexander von Humboldt. Occurrence dataset https://doi.org/10.15472/lnflrd accessed via GBIF.org on 2022-07-07.",CC BY-NC 4.0,633,0,https://doi.org/10.15472/lnflrd
"Moore J, OBIS-SEAMAP (2022). SWFSC Marine Mammal Survey, Vaquita 1997, Cruise 1608. Version 1.9. OBIS-SEAMAP. Occurrence dataset https://doi.org/10.15468/emz3rn accessed via GBIF.org on 2022-07-07.",CC BY-NC 4.0,627,627,https://doi.org/10.15468/emz3rn
"Arenas D (2018). Quirópteros del Parque Natural Regional El Vínculo y su zona de amortiguación (Buga, Valle del Cauca, Colombia). Version 12.1. Universidad del Valle. Occurrence dataset https://doi.org/10.15472/q6zitm accessed via GBIF.org on 2022-07-07.",CC BY-NC 4.0,624,0,https://doi.org/10.15472/q6zitm
"Ecopetrol S.A., Concol by WSP (2021). Biodiversidad asociada al Estudio de Impacto Ambiental para la Modificación del Área de Perforación Exploratoria Medina Occidental. Version 1.3. Ecopetrol S.A.. Occurrence dataset https://doi.org/10.15472/5onnm3 accessed via GBIF.org on 2022-07-07.",CC BY-NC 4.0,610,0,https://doi.org/10.15472/5onnm3
"Servín-Martínez J. I. 2007. Distribución histórica, prospección actual y áreas potenciales para reintroducir lobo mexicano (Canis lupus baileyi) en Durango, sur de la Sierra Madre Occidental, México. Universidad Juárez del Estado de Durango. Bases de datos SNIB-CONABIO, proyecto BE029. México, D. F.",CC BY 4.0,599,582,
CONABIO. 2022. Naturalista. Comisión Nacional para el Conocimiento y Uso de la Biodiversidad (CONABIO). Bases de datos SNIB-CONABIO. Ciudad de México,CC BY-NC-SA 4.0,598,592,
Ramírez B (2018). Mamíferos voladores laguna El Tinije. Version 6.6. Asociación de Becarios del Casanare. Occurrence dataset https://doi.org/10.15472/ch49b6 accessed via GBIF.org on 2022-07-07.,CC0 1.0,593,0,https://doi.org/10.15472/ch49b6
Universidad del Valle de Guatemala (2022). Universidad del Valle de Guatemala - Colecciones Biológicas - Mamíferos. Occurrence dataset https://doi.org/10.15468/qr7zcz accessed via GBIF.org on 2022-07-07.,CC BY-NC 4.0,592,0,https://doi.org/10.15468/qr7zcz
Bonell Rojas W Y (2018). Caracterización biológica en la Serranía de San Lucas 2015. Version 2.0. Parques Nacionales Naturales de Colombia. Occurrence dataset https://doi.org/10.15472/uarl1x accessed via GBIF.org on 2022-07-07.,CC BY-NC 4.0,591,0,https://doi.org/10.15472/uarl1x
"Ballance L, Moore J, OBIS-SEAMAP (2022). SWFSC Marine Mammal Survey, STAR 2000, Cruise 1615. Version 2.0. OBIS-SEAMAP. Occurrence dataset https://doi.org/10.15468/ft4ubj accessed via GBIF.org on 2022-07-07.",CC BY-NC 4.0,589,422,https://doi.org/10.15468/ft4ubj
CONABIO. 2021. Naturalista. Comisión Nacional para el Conocimiento y Uso de la Biodiversidad (CONABIO). Bases de datos SNIB-CONABIO. Ciudad de México,CC BY-NC-ND 4.0,586,571,
"Castillo L S, Cardona D (2018). Registro de murciélagos del Cañón del Chicamocha, Santander (2013 - 2014). Fundación Chimbilako. Occurrence dataset https://doi.org/10.15472/klqp6o accessed via GBIF.org on 2022-07-07.",CC0 1.0,584,0,https://doi.org/10.15472/klqp6o
"Gerrodette, T. 2004. SWFSC Marine Mammal Survey, PODS 1992, Cruise 1468. Data downloaded from OBIS-SEAMAP (http://seamap.env.duke.edu/dataset/211) on yyyy-mm-dd. https://doi.org/10.15468/2gesqm accessed via GBIF.org on 2022-07-07.",CC BY-NC 4.0,582,284,https://doi.org/10.15468/2gesqm
"Rodriguez -Bolaños A, Solórzano A (2021). Colección Mastozoológica de la Universidad Distrital Francisco José de Caldas. Version 1.3. Universidad Distrital Francisco José de Caldas. Occurrence dataset https://doi.org/10.15472/dcmcu7 accessed via GBIF.org on 2022-07-07.",CC0 1.0,582,0,https://doi.org/10.15472/dcmcu7
"Bermudez Diaz M, Romero J F, Rodríguez M. G M, Guillen R, Angie C (2022). Monitoreos en áreas de compensación por pérdida de biodiversidad relacionadas al Gasoducto Loop San Mateo. Version 1.5. Promigas S.A E.S.P. Occurrence dataset https://doi.org/10.15472/v2k7qk accessed via GBIF.org on 2022-07-07.",CC BY-NC 4.0,579,0,https://doi.org/10.15472/v2k7qk
"Álvarez-Castañeda S. T. y E. Rios. 2011. Códigos de barras del ADN de mamíferos topotipos de México Fase I: Noroeste mexicano. Centro de Investigaciones Biológicas del Noroeste S. C. Bases de datos SNIB-CONABIO, proyecto HB037. México, D. F.",CC BY 4.0,578,578,
"Ballance L, Moore J, OBIS-SEAMAP (2022). SWFSC Marine Mammal Survey, STAR 1998, Cruise 1612. Version 2.0. OBIS-SEAMAP. Occurrence dataset https://doi.org/10.15468/ms8tfw accessed via GBIF.org on 2022-07-07.",CC BY-NC 4.0,566,557,https://doi.org/10.15468/ms8tfw
"Rodríguez-Maturino J. A., A. Garza-Herrera, E. E. Aragón-Piña, S. R. Gutiérrez-Reyes, J. M. Cabral-Ontiveros, A. J. Álvarez-Deras, F. Ríos-Ruiz y L. L. Hernández-Perea. 2013. Aves y mamíferos del Parque Nacional Sierra de Órganos, Zacatecas. Centro de Ecología Regional A. C. Bases de datos SNIB-CONABIO, proyecto IE003. México, D. F.",CC BY 4.0,565,565,
"Ressl R., M. I. Cruz-López, L. Lara-Morales, M. Gual-Díaz, D. Ocaña-Nava, P. G. Díaz-Maeda, A. Pérez-Bello y A. J. Wickel. 2008. Sistema de información sobre Bosque Mesófilo de Montaña de México para apoyo en programas de restauración (Fase 1). Comisión Nacional para el Conocimiento y Uso de la Biodiversidad (CONABIO). Bases de datos SNIB-CONABIO, proyecto EQ007. México, D. F.",CC BY 4.0,561,561,
"Ropert-Coudert Y, Van de Putte A P, Bornemann H, Charrassin J, Costa D P, Danis B, Hückstädt L A, Jonsen I D, Lea M, Reisinger R R, Thompson D, Torres L G, Trathan P N, Wotherspoon S, Ainley D G, Alderman R, Andrews-Goff V, Arthur B, Ballard G, Bengtson J, Bester M N, Boehme L, Bost C, Boveng P, Cleeland J, Constantine R, Crawford R J M, Dalla Rosa L, de Bruyn P N, Delord K, Descamps S, Double M, Emmerson L, Fedak M, Friedlander A, Gales N, Goebel M, Goetz K T, Guinet C, Goldsworthy S D, Harcourt R, Hinke J, Jerosch K, Kato A, Kerry K R, Kirkwood R, Kooyma G L, Kovacs K M, Lawton K, Lowther A D, Lydersen C, Lyver P O, Makhado A B, Márquez M E I, McDonald B, McMahon C, Muelbert M, Nachtsheim D, Nicholls K W, Nordøy E S, Olmastroni S, Phillips R A, Pistorius P, Plötz J, Pütz K, Ratcliffe N, Ryan P G, Santos M, Schytte Blix A, Southwell C, Staniland I, Takahashi A, Tarroux A, Trivelpiece W, Wakefield E, Weimerskirch H, Wienecke B, Xavier J C, Raymond B, Hindell M A (2020): The Retrospective Analysis of Antarctic Tracking (Standardised) Data from the Scientific Committee on Antarctic Research. v1.3. SCAR - AntOBIS. Dataset/Metadata. https://ipt.biodiversity.aq/resource?r=raatd_scar_trackingdata&v=1.3 https://doi.org/10.4225/15/5afcb927e8162 accessed via GBIF.org on 2022-07-07.",CC BY 4.0,559,0,https://doi.org/10.4225/15/5afcb927e8162
"Urbán-Ramírez J. 1999. La ballena jorobada, Megaptera novaeangliae, en la Península de Baja California, México. Universidad Autónoma de Baja California Sur. Bases de datos SNIB-CONABIO, proyecto H035. México, D. F.",CC BY 4.0,556,556,
"Barlow, J. 2004. SWFSC Marine Mammal Survey, CADDIS 1995, Cruise 1601. Data downloaded from OBIS-SEAMAP (http://seamap.env.duke.edu/dataset/217) on yyyy-mm-dd. https://doi.org/10.15468/er2sb9 accessed via GBIF.org on 2022-07-07.",CC BY-NC 4.0,543,536,https://doi.org/10.15468/er2sb9
"Martínez-Vázquez J. 2001. Mastofauna de la vertiente occidental (oeste) del Parque Nacional Pico de Orizaba, Puebla (Fase 1). Escuela de Biología. Benemérita Universidad Autónoma de Puebla. Bases de datos SNIB-CONABIO, proyecto R044. México, D. F.",CC BY 4.0,538,538,
CONABIO. 2019. Naturalista. Comisión Nacional para el Conocimiento y Uso de la Biodiversidad (CONABIO). Bases de datos SNIB-CONABIO. Ciudad de México,CC BY-NC-ND 4.0,536,536,
"Rivera Torres C Y, López Orjuela H A (2020). Inventario de fauna silvestre asociada a hábitat de Oso andino,  en Áreas Protegidas Regionales y ecosistemas estratégicos en la Jurisdicción de Corpoboyacá, a través de fototrampeo. Version 2.1. Corpoboyacá - Corporación Autónoma Regional de Boyacá. Occurrence dataset https://doi.org/10.15472/lrl7xz accessed via GBIF.org on 2022-07-07.",CC BY-NC 4.0,535,0,https://doi.org/10.15472/lrl7xz
"Cavelier Franco I, Becoche Mosquera J M (2022). Proyecto COL88611 para la conservación y uso sostenible de ecosistemas secos. Version 2.2. Patrimonio Natural Fondo para la Biodiversidad y Áreas Protegidas 'Patrimonio Natural'. Occurrence dataset https://doi.org/10.15472/cwbrno accessed via GBIF.org on 2022-07-07.",CC BY-NC 4.0,531,0,https://doi.org/10.15472/cwbrno
"Gall L (2022). Vertebrate Zoology Division - Mammalogy, Yale Peabody Museum. Yale University Peabody Museum. Occurrence dataset https://doi.org/10.15468/4mm6uc accessed via GBIF.org on 2022-07-07.",CC0 1.0,530,461,https://doi.org/10.15468/4mm6uc
"Lorenzo-Monterrubio C. 2014. Estado actual de conservación de liebres y conejos en categoría de riesgo en México. Unidad San Cristóbal de las Casas. El Colegio de la Frontera Sur. Bases de datos SNIB-CONABIO, proyecto HK052. México, D. F.",CC BY 4.0,525,525,
"Dávila Reyes D, Alzate J, Franco N, Durán Prieto C, Capera V H, Montes Fontalvo J, Gantiva-Q C H, Mendoza Perez I A, Andrade E, Cañón Escobar S, Izquierdo E, Tejeiro Mahecha L N, Suárez J D (2022). Caracterización de fauna terrestre y flora en el arroyo Bruno, municipio de Albania, La Guajira. Version 2.2. Carbones del Cerrejón Limited. Occurrence dataset https://doi.org/10.15472/rsr3yg accessed via GBIF.org on 2022-07-07.",CC BY-NC 4.0,523,0,https://doi.org/10.15472/rsr3yg
"Schondube, J. E., A. Domínquez-Pérez y J. I. Ayala-Berdón. 2020. Desarrollo de modelos fisiológicos para predecir la distribución geográfica de murciélagos filostómidos y colibríes. Universidad Nacional Autónoma de México. Centro de Investigaciones en Ecosistemas. Instituto de Investigaciones en Ecosistemas y Sustentabilidad. Base de datos SNIB-CONABIO, proyecto JM056. Ciudad de México",CC BY 4.0,521,0,
"Ballance L, Moore J, OBIS-SEAMAP (2022). SWFSC Marine Mammal Survey, STAR 2003, Cruise 1624. Version 2.0. OBIS-SEAMAP. Occurrence dataset https://doi.org/10.15468/szzgj3 accessed via GBIF.org on 2022-07-07.",CC BY-NC 4.0,518,504,https://doi.org/10.15468/szzgj3
iNaturalistMX. Disponible en https://mexico.inaturalist.org. Acceso 16 de febrero de 2024,CC BY 4.0,517,517,
CONABIO. 2021. Naturalista. Comisión Nacional para el Conocimiento y Uso de la Biodiversidad (CONABIO). Bases de datos SNIB-CONABIO. Ciudad de México,CC BY 4.0,516,469,
"Aguirre-Muñoz A., L. Luna-Mendoza, J. C. Hernández-Montoya, F. Méndez-Sánchez, J. M. Barredo-Barberena, M. Félix-Lizárraga, M. A. Hermosillo-Bueno, N. Silva-Estudillo, F. Torres, A. Manríquez-Ayub, A. Allen-Amescua, A. Leal-Sandoval, M. Rodríguez-Malagón y A. Manríquez-Ayub. 2013. Restauración y conservación de Isla Guadalupe. Grupo de Ecología y Conservación de Islas A. C. Bases de datos SNIB-CONABIO, proyecto DQ013. México, D. F.",CC BY 4.0,509,509,
"Roncancio Duque N J, Velez Venegas L A (2021). Densidad poblacional para fauna medida por medio de cámaras trampa en los Valores Objeto de Conservación (VOC) del territorial Andes Occidentales. Version 1.1. Parques Nacionales Naturales de Colombia. Sampling event dataset https://doi.org/10.15472/gnes7k accessed via GBIF.org on 2022-07-07.",CC BY-NC 4.0,501,0,https://doi.org/10.15472/gnes7k
"Martínez-Gallardo R. 2007. Inventario de los murciélagos de los parques nacionales Sierra de San Pedro Mártir y Constitución de 1857, Baja California, México. Facultad de Ciencias. Universidad Autónoma de Baja California. Bases de datos SNIB-CONABIO, proyecto BK009. México, D. F.",CC BY 4.0,493,493,
"Meave-del Castillo J. A. y A. M. Luis-Martínez. 2000. Caracterización biológica del Monumento Natural Yaxchilán como un elemento fundamental para el diseño de su plan rector de manejo. Facultad de Ciencias. Universidad Nacional Autónoma de México. Bases de datos SNIB-CONABIO, proyecto M099. México, D. F.",CC BY 4.0,490,490,
Peréz Gallego C M (2022). Registros biológicos de especies de fauna vertebrada terrestre en la central hidroeléctrica Miel I - 2007. Version 4.3. ISAGEN S.A. E.S.P.. Occurrence dataset https://doi.org/10.15472/22xftg accessed via GBIF.org on 2022-07-07.,CC0 1.0,487,0,https://doi.org/10.15472/22xftg
"Arango Gutierrez E R, Valencia Escobar G A (2021). Fauna presente en el proyecto Minera de Cobre Quebradona, municipio de Jericó. Version 1.2. AngloGold Ashanti Colombia S.A.S. Occurrence dataset https://doi.org/10.15472/0njhgg accessed via GBIF.org on 2022-07-07.",CC BY-NC 4.0,482,0,https://doi.org/10.15472/0njhgg
"Gómez-Escamilla M. 2004. Anfibios, reptiles y mamíferos del corredor biológico del norte de Yucatán depositados en las colecciones de la Escuela Nacional de Ciencias Biológicas. Escuela Nacional de Ciencias Biológicas. Instituto Politécnico Nacional. Bases de datos SNIB-CONABIO, proyecto Y013. México, D. F.",CC BY 4.0,476,476,
"Gatica-Colima A., J. M. Martínez-Calderas, L. de León-Pesqueira, D. A. Ramírez-Castorena y D. M. Cuevas-Ortalejo. 2019. Inventario multitaxonómico del ANP Médanos de Samalayuca. Universidad Autónoma de Ciudad Juárez. Bases de datos SNIB-CONABIO, proyecto PJ018. Ciudad de México",CC BY 4.0,474,474,
CONABIO. 2025. Naturalista. Comisión Nacional para el Conocimiento y Uso de la Biodiversidad (CONABIO). Bases de datos SNIB-CONABIO. Ciudad de México,CC BY-NC-SA 4.0,466,297,
"Dirzo R. y G. Gutiérrez. 2006. Análisis de los efectos ecológicos del aprovechamiento forestal en el Corredor Biológico Mesoamericano: mamíferos, plantas y sus interacciones. Universidad Nacional Autónoma de México. Bases de datos SNIB-CONABIO, proyecto BJ005. México, D. F.",CC BY 4.0,465,465,
"Briones-Salas M., M. C. Lavariega, Y. Martínez-Ayón, N. Martín-Regalado y Y. Santiago-Matías. 2019. Modelado de la distribución geográfica de mamíferos endémicos y en riesgo de conservación de Oaxaca. Unidad Oaxaca. Centro Interdisciplinario de Investigación para el Desarrollo Integral Regional. Bases de datos SNIB-CONABIO, proyecto JM011. Ciudad de México",CC BY 4.0,464,40,
"Morales Martínez D M, Herrera Collazos E (2021). Murciélagos observados en la expedición al Río Apaporis - Proyecto Colombia BIO. Version 2.5. Instituto Amazónico de Investigaciones Científicas - SINCHI. Occurrence dataset https://doi.org/10.15472/azmm7s accessed via GBIF.org on 2022-07-07.",CC BY-NC 4.0,460,0,https://doi.org/10.15472/azmm7s
"Lorenzo-Monterrubio C. 2001. Colección Mastozoológica del Sureste de México (ECOSUR-SC). Colección Mastozoológica ECOSUR-SC. Unidad San Cristóbal de las Casas. El Colegio de la Frontera Sur. Bases de datos SNIB-CONABIO. México, D. F.",CC BY 4.0,458,458,
"Londoño Gutiérrez N, Rojas Rojas J E (2021). Registros del inventario y monitoreo de la Biodiversidad en la Jurisdicción de la Corporación Autónoma Regional de Cundinamarca CAR. Version 1.2. CAR - Corporación Autónoma Regional de Cundinamarca. Occurrence dataset https://doi.org/10.15472/wuexrk accessed via GBIF.org on 2022-07-07.",CC BY-NC 4.0,456,0,https://doi.org/10.15472/wuexrk
"Ramos, E. 2012. Oceanic Society's Marine Mammal Sightings in Belize 1992 - 2011. Data downloaded from OBIS-SEAMAP (http://seamap.env.duke.edu/dataset/798) on yyyy-mm-dd. https://doi.org/10.15468/gxdxwg accessed via GBIF.org on 2022-07-07.",CC BY-NC 4.0,445,0,https://doi.org/10.15468/gxdxwg
"Calderón Leytón J J, Noguera Urbano E A, Cabrera Ojeda C, Arevalo Cortes J A, Tulcán Flores J E (2021). Colección de mamíferos voladores y no voladores de la Universidad de Nariño. Version 5.3. Universidad de Nariño. Occurrence dataset https://doi.org/10.15472/zska7m accessed via GBIF.org on 2022-07-07.",CC0 1.0,444,0,https://doi.org/10.15472/zska7m
"Moreno Santoyo E. 2020. Proyecto de Licuefacción de Gas Natural en Energía Costa Azul. ECA Liquefaction S. de R. L. de C. V. Ensenada, BC. México. Bases de datos SNIB-CONABIO (fauna-ahuyentamiento y observación), proyecto Z069. Ciudad de México",CC BY 4.0,438,438,
"Moreno Santoyo E. 2020. Proyecto de Licuefacción de Gas Natural en Energía Costa Azul. ECA Liquefaction S. de R.L. de C.V. Ensenada, BC. México. Bases de datos SNIB-CONABIO (fauna-marcado), proyecto Z069. Ciudad de México",CC BY 4.0,435,435,
"Velázquez J. A. y G. Bocco. 2004. Biodiversidad, hábitat y manejo en el Parque Nacional Pico de Tancítaro, Michoacán, México. Instituto de Geografía. Universidad Nacional Autónoma de México. Bases de datos SNIB-CONABIO, proyecto R092. México, D. F.",CC BY 4.0,431,431,
"Contreras-Balderas A. J. 2000. Estudio taxonómico de las aves y mamíferos del Valle Cuatrociénegas, Coahuila, México. Facultad de Ciencias Biológicas. Universidad Autónoma de Nuevo León. Bases de datos SNIB-CONABIO, proyecto H291. México, D. F.",CC BY 4.0,424,424,
"Martínez Medina D, Corral Gómez J N (2021). Línea base general derivada de sonidos unidireccionales (ultrasonido) para el valle medio del Magdalena - VMM. Version 1.1. Instituto de Investigación de Recursos Biológicos Alexander von Humboldt. Sampling event dataset https://doi.org/10.15472/ieqtt8 accessed via GBIF.org on 2022-07-07.",CC BY-NC 4.0,424,0,https://doi.org/10.15472/ieqtt8
Peréz Gallego C M (2018). Registros biológicos de especies de fauna vertebrada terrestre en las centrales de San Carlos y Jaguas - 2009. Version 10.2. ISAGEN S.A. E.S.P.. Occurrence dataset https://doi.org/10.15472/fgpjnl accessed via GBIF.org on 2022-07-07.,CC0 1.0,422,0,https://doi.org/10.15472/fgpjnl
"Heckel G. 2006. Diversidad, distribución y abundancia de cetáceos en Bahía de los Ángeles y Canal de Ballenas, Golfo de California: bases científicas para una nueva área de observación turística de mamíferos marinos. Centro de Investigación Científica y de Educación Superior de Ensenada. Bases de datos SNIB-CONABIO, proyecto DE008. México, D. F.",CC BY 4.0,420,420,
CONABIO. 2025. Naturalista. Comisión Nacional para el Conocimiento y Uso de la Biodiversidad (CONABIO). Bases de datos SNIB-CONABIO. Ciudad de México,CC BY-NC-ND 4.0,400,396,
"Bermudez Diaz M, Veloza T, Campo Carey S, Hernández Lugo J A, Aristizabal García H (2021). Biodiversidad asociada al gasoducto Paiva-Caracolí. Version 1.2. Promigas S.A E.S.P. Occurrence dataset https://doi.org/10.15472/0mwofc accessed via GBIF.org on 2022-07-07.",CC BY-NC 4.0,398,0,https://doi.org/10.15472/0mwofc
CONABIO. 2021. Naturalista. Comisión Nacional para el Conocimiento y Uso de la Biodiversidad (CONABIO). Bases de datos SNIB-CONABIO. Ciudad de México,CC BY-SA 4.0,385,378,
"Gerrodette, T. 2004. SWFSC Marine Mammal Survey, MOPS 1989, Cruise 1267. Data downloaded from OBIS-SEAMAP (http://seamap.env.duke.edu/dataset/199) on yyyy-mm-dd. https://doi.org/10.15468/yfm374 accessed via GBIF.org on 2022-07-07.",CC BY-NC 4.0,385,380,https://doi.org/10.15468/yfm374
CONABIO. 2019. Naturalista. Comisión Nacional para el Conocimiento y Uso de la Biodiversidad (CONABIO). Bases de datos SNIB-CONABIO. Ciudad de México,CC BY-SA 4.0,379,379,
"Herrera-Montalvo L. G. y J. J. Flores-Martínez. 2016. Biología reproductiva y diversidad genética: hacia el conocimiento integral del murciélago pescador Myotis vivesi. Instituto de Biología. Universidad Nacional Autónoma de México. Bases de datos SNIB-CONABIO, proyecto HK002. México, D. F.",CC BY 4.0,374,374,
"Rojas V, Quintana Vargas A (2021). Fototrampeo de la desembocadura del caño Teracay en el río Tomo, Puerto Carreño, Vichada - Proyecto Colombia Bio. Version 1.1. Instituto de Investigación de Recursos Biológicos Alexander von Humboldt. Occurrence dataset https://doi.org/10.15472/zgctun accessed via GBIF.org on 2022-07-07.",CC BY-NC 4.0,363,0,https://doi.org/10.15472/zgctun
"Van der Heiden A. M., M. Ruiz-Guerrero y M. E. García-Armenta. 2019. Inventario multitaxonómico (plantas, crustáceos y vertebrados) del APFF Meseta de Cacaxtla, Sinaloa, México. Centro de Investigación en Alimentación y Desarrollo A. C. Bases de datos SNIB-CONABIO, proyecto PJ010. Ciudad de México",CC BY 4.0,357,357,
"Bennett S, Carretero-Pinzón X, Pelaéz L M, Martinez E, Sinarahua Barrera L, Murayari Sinarahua A, Pelaez L M (2021). Área Amacayacu - Uso de espacio del mono Churuco en los años 2013 al 2017. Version 2.1. Parques Nacionales Naturales de Colombia. Occurrence dataset https://doi.org/10.15472/brsfkr accessed via GBIF.org on 2022-07-07.",CC0 1.0,355,0,https://doi.org/10.15472/brsfkr
"Moore J, OBIS-SEAMAP (2022). SWFSC Marine Mammal Survey, Delphinus 2009, Cruise 1640. Version 1.7. OBIS-SEAMAP. Occurrence dataset https://doi.org/10.15468/xgmtvb accessed via GBIF.org on 2022-07-07.",CC BY-NC 4.0,353,350,https://doi.org/10.15468/xgmtvb
"De-Nova J. A., F. J. Sahagún-S, J. Bueno-V y J. Cruzado-C. 2019. Inventario multitaxonómico: PN El Potosí y RB Sierra del Abra Tanchipa (San Luis Potosí). Incidencia y Gobernanza Ambiental A. C. Bases de datos SNIB-CONABIO, proyecto PJ029. Ciudad de México",CC BY 4.0,349,349,
iNaturalistMX. Disponible en https://mexico.inaturalist.org. Acceso 16 de febrero de 2024,CC BY-NC-ND 4.0,338,338,
"Gerrodette, T. 2004. SWFSC Marine Mammal Survey, MOPS 1987, Cruise 1081. Data downloaded from OBIS-SEAMAP (http://seamap.env.duke.edu/dataset/193) on yyyy-mm-dd. https://doi.org/10.15468/rqcp8m accessed via GBIF.org on 2022-07-07.",CC BY-NC 4.0,337,194,https://doi.org/10.15468/rqcp8m
"Ramírez-Pulido J. 1997. Análisis morfofenético de las poblaciones alopátricas de Thomomys umbrinus (Rodentia: Geomyidae) en la provincia volcánico-transversa. Unidad Iztapalapa. Universidad Autónoma Metropolitana. Bases de datos SNIB-CONABIO, proyecto B011. México, D. F.",CC BY 4.0,337,337,
"Ramírez Martínez N M (2022). Registros de mamíferos de las Reservas Distritales de Humedal de Bogotá, D.C.. Version 1.6. Secretaría Distrital de Ambiente. Occurrence dataset https://doi.org/10.15472/lqvok8 accessed via GBIF.org on 2022-07-07.",CC BY-NC 4.0,335,0,https://doi.org/10.15472/lqvok8
iNaturalistMX. Disponible en https://mexico.inaturalist.org. Acceso 16 de febrero de 2024,CC BY-NC-SA 4.0,333,333,
Ramírez Correal B H (2019). Monitoreo de Flora y Fauna de los Acuerdos de Conservación Voluntaria como estrategia de inversión del 1% de Equión Energía Limited. Version 2.1. Asociación de Becarios del Casanare. Occurrence dataset https://doi.org/10.15472/rgngmg accessed via GBIF.org on 2022-07-07.,CC BY-NC 4.0,331,0,https://doi.org/10.15472/rgngmg
"León-Paniagua L., Rojas-Soto O. R. y D. Ortiz. 2001. Distribución geográfica de las aves y los mamíferos de las zonas montanas de los estados de San Luis Potosí e Hidalgo circundantes de la Sierra Gorda. Facultad de Ciencias. Universidad Nacional Autónoma de México. Bases de datos SNIB-CONABIO, proyecto L176. México, D. F.",CC BY 4.0,326,326,
"Carvajal Cogollo J E, Morales Alba A F, Martínez Dueñas D C, Quiroga Huertas K A, Bello Guio G, Eguis Avendaño J A, García Monroy J S, Gómez Camargo J, Serrato Rivera Y G, Peña Ramírez L J, Pineda Cendales S, Morales González Ó E, Higuera Rojas D F (2022). Caracterización de fauna en diferentes gradientes altitudinales del departamento de Boyacá, Colombia. Version 1.4. Universidad Pedagógica y Tecnológica de Colombia. Occurrence dataset https://doi.org/10.15472/glb3hd accessed via GBIF.org on 2022-07-07.",CC0 1.0,322,0,https://doi.org/10.15472/glb3hd
"Ramsey, J., K. De la Cruz, E. Tun-Ku. 2011. Análisis integral de riesgos para la transmisión de la enfermedad de Chagas en México. Centro Regional de Investigación en Salud Pública, INSP. México",CC BY 4.0,322,322,
"Bermudez Diaz M, Campo Carey S, Veloza T, Arango Escobar P, Piragua Alarcon W, Salazar López L, Sánchez Dueñas I M, Cardenas Arevalo G, Aguilar Puentes M, Bonilla J C, Méndez Mora L M, López González I, Romero J F (2021). Biodiversidad asociada al gasoducto Loop San Mateo-Mamonal. Version 1.3. Promigas S.A E.S.P. Occurrence dataset https://doi.org/10.15472/rmoo5t accessed via GBIF.org on 2022-07-07.",CC BY-NC 4.0,320,0,https://doi.org/10.15472/rmoo5t
"Ballance L, Moore J, OBIS-SEAMAP (2022). SWFSC Marine Mammal Survey, STAR 1999, Cruise 1613. Version 2.0. OBIS-SEAMAP. Occurrence dataset https://doi.org/10.15468/fhus2r accessed via GBIF.org on 2022-07-07.",CC BY-NC 4.0,314,309,https://doi.org/10.15468/fhus2r
"Moore J, OBIS-SEAMAP (2022). SWFSC Marine Mammal Survey, Vaquita 2008, Cruise 1637. Version 1.8. OBIS-SEAMAP. Occurrence dataset https://doi.org/10.15468/uvse4n accessed via GBIF.org on 2022-07-07.",CC BY-NC 4.0,313,313,https://doi.org/10.15468/uvse4n
"Orrell T, Informatics and Data Science Center - Digital Stewardship (2024). NMNH Extant Specimen Records (USNM, US). Version 1.84. National Museum of Natural History, Smithsonian Institution. Occurrence dataset https://doi.org/10.15468/hnhrg3 accessed via GBIF.org on 2024-07-31.",CC0 1.0,310,0,https://doi.org/10.15468/hnhrg3
"Bermudez Diaz M, Romero J F (2021). Primer monitoreo en áreas de compensación por pérdida de biodiversidad relacionadas al Gasoducto Mamonal-Paiva. Promigas S.A E.S.P. Occurrence dataset https://doi.org/10.15472/srzpgy accessed via GBIF.org on 2022-07-07.",CC BY-NC 4.0,304,0,https://doi.org/10.15472/srzpgy
"Gutiérrez D, Fernández C M (2020). Mamíferos del piedemonte de la sabana de la Orinoquia. Version 1.1. Fundación Reserva Natural La Palmita - Centro de Investigación. Occurrence dataset https://doi.org/10.15472/27cahe accessed via GBIF.org on 2022-07-07.",CC BY-NC 4.0,300,0,https://doi.org/10.15472/27cahe
"Jimenez Guzman Y A, Higuita H D, Carmona M J, Cano Rojas E, Chinome G A, Valencia J D, Alzate Estrada D, Tamayo J, López L L, Universidad de Antioquia (2022). Fauna y flora asociada a la Central Hidroeléctrica Playas. Version 1.3. Empresas Públicas de Medellín E.S.P.. Occurrence dataset https://doi.org/10.15472/mwd4sp accessed via GBIF.org on 2022-07-07.",CC BY-NC 4.0,296,0,https://doi.org/10.15472/mwd4sp
"Scholes III, Ph.D. E (2015). Macaulay Library Audio and Video Collection. Cornell Lab of Ornithology. Occurrence dataset https://doi.org/10.15468/ckcdpy accessed via GBIF.org on 2022-07-07.",CC0 1.0,296,63,https://doi.org/10.15468/ckcdpy
"Serna-González M, Mejia W (2021). Fototrampeo al interior de las áreas del Banco de Hábitat del Meta de Terrasos. Version 2.9. TERRASOS. Occurrence dataset https://doi.org/10.15472/nc2uyx accessed via GBIF.org on 2022-07-07.",CC BY 4.0,284,0,https://doi.org/10.15472/nc2uyx
CONABIO. 2023. Naturalista. Comisión Nacional para el Conocimiento y Uso de la Biodiversidad (CONABIO). Bases de datos SNIB-CONABIO. Ciudad de México,CC BY-SA 4.0,282,277,
"Lazcano-Barrero M. A., E. J. Torres, J. Castillo y E. Espinoza. 2012. Censo nacional del jaguar y sus presas (1a etapa). Comisión Nacional para el Conocimiento y Uso de la Biodiversidad (CONABIO). Comisión Nacional de Áreas Naturales Protegidas (CONANP). Instituto de Ecología. El Colegio de la Frontera Sur. Reserva Ecológica del Edén A. C. Bases de datos SNIB-CONABIO (Reserva Ecológica del Edén, Quintana Roo), proyecto HE011. México, D. F.",CC BY 4.0,277,277,
Sánchez Álzate L J (2021). Colección de Mamíferos - Universidad del Quindío. Version 1.2. Universidad del Quindío. Occurrence dataset https://doi.org/10.15472/jf2bqc accessed via GBIF.org on 2022-07-07.,CC BY-NC 4.0,273,0,https://doi.org/10.15472/jf2bqc
"Rojano C, Rincón S (2020). Programa de monitoreo comunitario de biodiversidad en RNSC de las veredas Altagracia y Porvenir del Gauchiría, Trinidad, Casanare.. Version 1.1. Fundación Cunaguaro. Occurrence dataset https://doi.org/10.15472/c0mjya accessed via GBIF.org on 2022-07-07.",CC BY 4.0,272,0,https://doi.org/10.15472/c0mjya
Solari S (2021). Colección Teriológica Universidad de Antioquia. Version 1.2. Universidad de Antioquia. Occurrence dataset https://doi.org/10.15472/hkwiav accessed via GBIF.org on 2022-07-07.,CC BY-NC 4.0,265,0,https://doi.org/10.15472/hkwiav
"Ballesteros B. C. 2016. Distribución potencial de las especies de mamíferos con distribución restringida presentes en México. Unidad Iztapalapa. Universidad Autónoma Metropolitana. Bases de datos SNIB-CONABIO, proyecto JM053. Ciudad de México",CC BY 4.0,264,264,
"Roncancio Duque N J, Elizalde Guerrero A M, Chica Florez L, Suarez Ramirez L, Colorado J F, Tirado A, Guzman L M, Vela O, Meneses S, Ospina O (2021). Mamíferos y guacharacas observados en el monitoreo del Tití gris de 2021 en el departamento de Caldas. Corpocaldas - Corporación Autónoma Regional de Caldas. Occurrence dataset https://doi.org/10.15472/stujxf accessed via GBIF.org on 2022-07-07.",CC0 1.0,264,0,https://doi.org/10.15472/stujxf
"Bolívar- García W, Barona Cortés E, Giraldo López A, Bolívar W (2019). Análisis de Integridad Biológica para el Distrito Regional de Manejo Integrado RUT Nativos.Convenio CVC- Univalle 108 de 2017. Universidad del Valle. Occurrence dataset https://doi.org/10.15472/xipjew accessed via GBIF.org on 2022-07-07.",CC0 1.0,263,0,https://doi.org/10.15472/xipjew
CONABIO. 2023. Naturalista. Comisión Nacional para el Conocimiento y Uso de la Biodiversidad (CONABIO). Bases de datos SNIB-CONABIO. Ciudad de México,CC0 1.0,263,237,
"Ecopetrol S.A., Concol by WSP (2021). Biodiversidad asociada al Estudio de Impacto Ambiental para la modificación de la licencia ambiental del campo de producción Rubiales. Ecopetrol S.A.. Occurrence dataset https://doi.org/10.15472/w3d2hc accessed via GBIF.org on 2022-07-07.",CC BY-NC 4.0,263,0,https://doi.org/10.15472/w3d2hc
"Faller-Menéndez J. C. y M. Calleja. 2012. Censo nacional del jaguar y sus presas (1a etapa). Comisión Nacional para el Conocimiento y Uso de la Biodiversidad (CONABIO). Comisión Nacional de Áreas Naturales Protegidas (CONANP). Intituto de Ecología. PRONATURA Península de Yucatán A. C. Bases de datos SNIB-CONABIO (Reserva de la Biosfera, Ría Lagartos, Yucatán), proyecto HE011. México, D. F.",CC BY 4.0,262,262,
"Gerrodette, T. 2004. SWFSC Marine Mammal Survey, MOPS 1986, Cruise 0989. Data downloaded from OBIS-SEAMAP (http://seamap.env.duke.edu/dataset/187) on yyyy-mm-dd. https://doi.org/10.15468/rkcsyn accessed via GBIF.org on 2022-07-07.",CC BY-NC 4.0,262,261,https://doi.org/10.15468/rkcsyn
"Milanés-Salinas M. A. y J. C. Hernández-Montoya. 2017. Diagnóstico de dos especies de malezas y cuatro especies de vertebrados exóticos invasores presentes en la isla Guadalupe, y propuesta para su manejo. Grupo de Ecología y Conservación de Islas A. C. Bases de datos SNIB-CONABIO, proyecto LI046. Ciudad de México",CC BY 4.0,259,259,
"Cañon S, Trujillo F, Herrera Collazos E (2019). Mamíferos asociados a cuatro ventanas de la Orinoquia Colombiana - SULU I. Fundación Omacha. Occurrence dataset https://doi.org/10.15472/yz24w3 accessed via GBIF.org on 2022-07-07.",CC BY-NC 4.0,256,0,https://doi.org/10.15472/yz24w3
"Gendron-Laniel D. 2000. Migración, movimiento y distribución estacional del cachalote en el Golfo de California. Centro Interdisciplinario de Ciencias Marinas. Instituto Politécnico Nacional. Bases de datos SNIB-CONABIO, proyecto L073. México, D. F.",CC BY 4.0,253,247,
"García-Luis M, Briones-Salas M, Lavariega M C (2022). Bat species richness in the region of the Central Valleys of Oaxaca, Mexico. Version 1.4. Museu de Ciències Naturals de Barcelona. Occurrence dataset https://doi.org/10.15470/qp5ccr accessed via GBIF.org on 2022-07-07.",CC BY 4.0,252,252,https://doi.org/10.15470/qp5ccr
"García Morera Y, Salazar Giraldo E, Yépez Pérez E, Rivera Prieto D (2018). Inventario de Fauna Vertebrada de la Reserva Forestal Protectora Regional de los Cañones de los Ríos Melcocho y Santo Domingo. CORNARE - Corporación Autónoma Regional de las cuencas de los ríos Negro y Nare. Sampling event dataset https://doi.org/10.15472/bstkpv accessed via GBIF.org on 2022-07-07.",CC BY 4.0,251,0,https://doi.org/10.15472/bstkpv
"Rivas Pava M D P, Muñoz Lara D G, Ruiz Camayo M A, Fernández Trujillo L F, Muñoz Castro F A, Pérez Muñoz N (2021). Colección Mastozoológica del Museo de Historia Natural de la Universidad del Cauca. Version 1.3. Universidad del Cauca. Occurrence dataset https://doi.org/10.15472/ciasei accessed via GBIF.org on 2022-07-07.",CC BY-NC 4.0,251,0,https://doi.org/10.15472/ciasei
"Valdez-Leal J. D., C. J. Pacheco-Figueroa, L. M. Gama-Campillo, E. J. Moguel-Ordoñez, E. E. Mata-Zaya, S. L. Arriaga-Weiss, E. J. Gordillo-Chávez, L. J. Rangel-Ruíz, H. M. Díaz-López, R. García-Morales, J. Sáenz-Méndez y A. Clevenger. 2015. Monitoreo de la Fauna Silvestre con Capacitación y Certificación de Monitores Comunitarios en las Microrregiones Prioritarias para la Conectividad y Conservación de la Biodiversidad Agua Blanca, Cañón del Usumacinta, Sierra de Tabasco, Sierra de Huimanguillo y Costa Baja de Tabasco. Universidad Juárez Autónoma de Tabasco (UJAT). Bases de datos SNIB-CONABIO, proyecto Z056. México, D. F.",CC BY 4.0,251,251,
"Stevenson P, Hernández Rodriguéz D (2021). Densidad de primates diurnos en bosques de montaña en la vereda periquito, medina, en el área protegida y su zona de influencia directa del Parque Chingaza. Version 2.1. Parques Nacionales Naturales de Colombia. Occurrence dataset https://doi.org/10.15472/lyvhx3 accessed via GBIF.org on 2022-07-07.",CC0 1.0,248,0,https://doi.org/10.15472/lyvhx3
"Montoya Bustamante S (2018). Quirópteros Asociados al Bosque Seco de la Vereda El Carbonero, Santander de Quilichao, Cauca. Version 8.0. Universidad del Valle. Occurrence dataset https://doi.org/10.15472/oyjza0 accessed via GBIF.org on 2022-07-07.",CC BY 4.0,247,0,https://doi.org/10.15472/oyjza0
"Bonilla Sánchez A, Toro J (2022). Mamíferos pequeños asociados a las cuencas abastecedoras del embalse La Fe en el departamento de Antioquia. Version 1.3. Corporación Cuenca Verde. Occurrence dataset https://doi.org/10.15472/flbyu7 accessed via GBIF.org on 2022-07-07.",CC0 1.0,244,0,https://doi.org/10.15472/flbyu7
"Velázquez J. A. y F. J. Romero-Malpica. 1998. Análisis de la heterogeneidad ambiental y conectividad de las áreas naturales del sur del Valle de México. Facultad de Ciencias. Universidad Nacional Autónoma de México. Bases de datos SNIB-CONABIO, proyecto B144. México, D. F.",CC BY 4.0,244,244,
"Carretero-Pinzón X, Pantoja Peña G, Pantoja G (2021). Registros ad libitum de primates en la Orinoquía en los años 2012 a 2021, asociados a estudios de investigación independiente. Asociación Colombiana de Zoología. Occurrence dataset https://doi.org/10.15472/gkob4c accessed via GBIF.org on 2022-07-07.",CC BY-NC 4.0,243,0,https://doi.org/10.15472/gkob4c
"Paredes Casas C A, González Maya J F (2022). Registros de mamíferos recopilados por ProCAT en diferentes zonas de Colombia. Version 2.3. Proyecto de Conservación de Aguas y Tierras - ProCAT Colombia. Occurrence dataset https://doi.org/10.15472/1gjoum accessed via GBIF.org on 2022-10-03.",CC0 1.0,243,0,https://doi.org/10.15472/1gjoum
"Arita-Watanabe H.T. 1999. Biología del murciélago mastín enano (Eumops bonariensis nanus) en Yucatán. Instituto de Ecología. Universidad Nacional Autónoma de México. Bases de datos SNIB-CONABIO, proyecto H180. México, D. F.",CC BY 4.0,242,242,
"Bermudez Diaz M, Veloza T, Campo Carey S, Hernández Lugo J A, Aristizabal García H (2021). Biodiversidad asociada al gasoducto regional Zona Bananera. Promigas S.A E.S.P. Occurrence dataset https://doi.org/10.15472/jbnhcy accessed via GBIF.org on 2022-07-07.",CC BY-NC 4.0,238,0,https://doi.org/10.15472/jbnhcy
"Hortelano-Moncada Y.,  F. A. Cervantes y J. Vargas-Cuenca. 2016. Código de barras de ejemplares de la Colección Nacional de Mamíferos del Instituto de Biología, UNAM. Instituto de Biología. Universidad Nacional Autónoma de México. Bases de datos SNIB-CONABIO, proyecto HB029. México, D. F.",CC BY 4.0,238,223,
"López-Saavedra E. E.,  R. Paredes-Aguilar. 2000. Evaluación del ámbito hogareño y calidad de hábitat del borrego cimarrón (Ovis canadensis mexicana), Berrendo sonorense (Antilocapra americana sonoriensis) y del Puma (Felis concolor) en la reserva de la biósfera El Pinacate y Gran Desierto de Altar. Instituto del Medio Ambiente y Desarrollo Sustentable del Estado de Sonora. Bases de datos SNIB-CONABIO, proyecto L112. México, D. F.",CC BY 4.0,237,237,
"Medellín R. A. y H. V. Bárcenas. 2010. Estimación de la densidad y dieta del lince (Lynx rufus) en seis localidades de México. Instituto de Ecología. Universidad Nacional Autónoma de México. Bases de datos SNIB-CONABIO, proyectos ES003 y ES009. México, D. F.",CC BY 4.0,235,235,
"Barrera Zambrano V A (2021). Inventarios de flora y fauna en el piedemonte de los municipios Aguazul, Tauramena y Yopal del departamento de Casanare. Version 1.3. Asociación de Becarios del Casanare. Occurrence dataset https://doi.org/10.15472/s3dico accessed via GBIF.org on 2022-07-07.",CC BY-NC 4.0,233,0,https://doi.org/10.15472/s3dico
"Sánchez Barrera F A, Ramírez Castellanos D M, Patiño Quiroz M F (2022). Colección Mastozoológica-Museo de Historia Natural Unillanos. Version 1.2. Universidad de los Llanos. Occurrence dataset https://doi.org/10.15472/qzybvj accessed via GBIF.org on 2022-07-07.",CC BY-NC 4.0,229,0,https://doi.org/10.15472/qzybvj
"Ballance L, Moore J, OBIS-SEAMAP (2022). SWFSC Marine Mammal Survey, STAR 2003, Cruise 1623. Version 2.0. OBIS-SEAMAP. Occurrence dataset https://doi.org/10.15468/3xyrmb accessed via GBIF.org on 2022-07-07.",CC BY-NC 4.0,225,52,https://doi.org/10.15468/3xyrmb
"Granobles Cardona J, Granobles Cardona​ ​ (2019). Biodiversidad de Mamíferos de las Reservas Naturales de la Sociedad Civil del Parque Natural Regional Páramo del Duende, Valle del Cauca, Colombia. Fundación Ecológica Fenicia Defensa Natural - FEDENA. Occurrence dataset https://doi.org/10.15472/yagugz accessed via GBIF.org on 2022-07-07.",CC BY-NC 4.0,225,0,https://doi.org/10.15472/yagugz
"Aguilar-Santamaría M. de los A. 2000. Estudio de la distribución geográfica de Peromyscus ochraventer y análisis de su variabilidad cromosómica. Unidad Iztapalapa. Universidad Autónoma Metropolitana. Bases de datos SNIB-CONABIO, proyecto L306. México, D. F.",CC BY 4.0,222,222,
"Ceballos-González G. J. y R. List. 2011. Inventario de especies de vertebrados para apoyar la creación del Ordenamiento Ecológico y la Reserva de la Biósfera Janos, Chihuahua. Instituto de Ecología. Universidad Nacional Autónoma de México. Bases de datos SNIB-CONABIO, proyecto FQ016. México, D. F.",CC BY 4.0,218,218,
"Cervantes-Reza F. A. 1999. Distribución, abundancia y hábitat de la liebre endémica Lepus flavigularis. Instituto de Biología. Universidad Nacional Autónoma de México. Bases de datos SNIB-CONABIO, proyecto H084. México, D. F.",CC BY 4.0,217,217,
"Bedoya Dorado I, Velez Venegas L A (2021). Monitoreo de la ocupación de la Danta de montaña (Tapirus pinchaque) en el Parque Nacional Natural Puracé para 2016. Version 1.1. Parques Nacionales Naturales de Colombia. Sampling event dataset https://doi.org/10.15472/9ape34 accessed via GBIF.org on 2022-07-07.",CC BY-NC 4.0,214,0,https://doi.org/10.15472/9ape34
"Vela Vargas I M (2021). Caracterización biológica de la ventana de biodiversidad Ciénaga, Municipio de Ciénaga, Magdalena, Colombia. Version 1.3. Instituto de Investigación de Recursos Biológicos Alexander von Humboldt. Occurrence dataset https://doi.org/10.15472/cbcfzr accessed via GBIF.org on 2022-07-07.",CC BY-NC 4.0,213,0,https://doi.org/10.15472/cbcfzr
"Soto, L. 2015. GVI Mexico Coral Reef Monitoring. Data downloaded from OBIS-SEAMAP (http://seamap.env.duke.edu/dataset/701) on yyyy-mm-dd. https://doi.org/10.15468/p7mrbv accessed via GBIF.org on 2022-07-07.",CC BY-NC 4.0,211,211,https://doi.org/10.15468/p7mrbv
"Medrano L. y M. J. Vázquez-Cuevas (coords.). 2019. Apoyo a las colecciones biológicas de la Facultad de Ciencias de la UNAM: Fase 1. Facultad de Ciencias. Universidad Nacional Autónoma de México. Bases de datos SNIB-CONABIO (colección de mamíferos marinos), proyecto LE002. Ciudad de México",CC BY 4.0,210,199,
"Ganong, J. 2012. TOPP Summary of SSM-derived Telemetry. Data downloaded from OBIS-SEAMAP (http://seamap.env.duke.edu/dataset/632) on yyyy-mm-dd. https://doi.org/10.15468/7zkca3 accessed via GBIF.org on 2022-07-07.",CC BY-NC 4.0,209,206,https://doi.org/10.15468/7zkca3
"Ballance L, Moore J, OBIS-SEAMAP (2022). SWFSC Marine Mammal Survey, STAR 2006, Cruise 1631. Version 1.9. OBIS-SEAMAP. Occurrence dataset https://doi.org/10.15468/meuunh accessed via GBIF.org on 2022-07-07.",CC BY-NC 4.0,208,208,https://doi.org/10.15468/meuunh
"Rodriguez J S, Payan E (2018). Estrategia de conservación de grandes felinos en el departamento del Meta. Cormacarena - Corporación para el Desarrollo Sostenible del área de Manejo Especial La Macarena. Occurrence dataset https://doi.org/10.15472/yqh0ds accessed via GBIF.org on 2022-07-07.",CC BY 4.0,208,0,https://doi.org/10.15472/yqh0ds
"Ceballos G. 1997. Diversidad biológica y conservación del ecosistema de los perros de la pradera (Cymomys ludovicianus) en México. Instituto de Ecología. Universidad Nacional Autónoma de México. Bases de datos SNIB-CONABIO, proyecto B043. México, D. F.",CC BY 4.0,207,207,
CONABIO. 2022. Naturalista. Comisión Nacional para el Conocimiento y Uso de la Biodiversidad (CONABIO). Bases de datos SNIB-CONABIO. Ciudad de México,CC BY-SA 4.0,205,196,
"Martínez J C (2021). Seguimiento a la Fauna presente en las Actividades de Mantenimiento realizadas entre la Empresa de Acueducto y Alcantarillado de Bogotá ESP y Aguas de Bogotá SA ESP en los Parques Ecológicos Distritales de Humedal, Bogotá D.C.. Version 1.2. Aguas de Bogotá S.A. E.S.P.. Occurrence dataset https://doi.org/10.15472/z4abrv accessed via GBIF.org on 2022-07-07.",CC BY-NC 4.0,205,0,https://doi.org/10.15472/z4abrv
"Ríos-Franco C, Enríquez T, Cardona C M (2021). Estructura Ecológica de la Subregión Norte de Caldas, Contrato para actividades científicas y tecnológicas No. 222-2018 entre Corpocaldas y WCS. Version 2.1. WCS Colombia. Occurrence dataset https://doi.org/10.15472/jle8tl accessed via GBIF.org on 2022-07-07.",CC BY-NC 4.0,204,0,https://doi.org/10.15472/jle8tl
Happywhale. 2021. Happywhale - Humpback Whale in North Atlantic Ocean. Data downloaded from OBIS-SEAMAP (http://seamap.env.duke.edu/dataset/1764) on yyyy-mm-dd originated from Happywhale.com. https://doi.org/10.15468/xhfm33 accessed via GBIF.org on 2022-07-07.,CC BY-NC 4.0,203,0,https://doi.org/10.15468/xhfm33
"Chávez C., M. J. Muñozcano y G. Ceballos. 2012. Censo nacional del jaguar y sus presas (1a etapa). TELCEL y TELMEX. Alianza World Wildlife Fund (WWF). Comisión Nacional de Áreas Naturales Protegidas (CONANP). Instituto de Ecología. Bases de datos SNIB-CONABIO (Reserva de la Biósfera, Calakmul, Campeche), proyecto HE011. México, D. F.",CC BY 4.0,201,201,
"Moore, J. 2021. SWFSC Marine Mammal Survey, CCES 2018, Cruise 1651. Data downloaded from OBIS-SEAMAP (https://seamap.env.duke.edu/dataset/2147) on yyyy-mm-dd. https://doi.org/10.15468/b9xrqu accessed via GBIF.org on 2022-07-07.",CC BY-NC 4.0,201,201,https://doi.org/10.15468/b9xrqu
"Bolívar- García W, Barona Cortés E, Giraldo López A, Bolívar W (2019). Análisis de Integridad Biológica para el Parque Natural Regional Páramo del Duende. Convenio CVC- Univalle 108 de 2017. Universidad del Valle. Occurrence dataset https://doi.org/10.15472/jeh0ic accessed via GBIF.org on 2022-07-07.",CC0 1.0,199,0,https://doi.org/10.15472/jeh0ic
"Lopez de Viles N, Daza Revelo S Y (2021). Registros de venados utilizados para calcular la ocuparación de área, en el Parque Nacional Natural Galeras en los años 2015 a 2017. Version 1.2. Parques Nacionales Naturales de Colombia. Sampling event dataset https://doi.org/10.15472/guwytk accessed via GBIF.org on 2022-07-07.",CC BY-NC 4.0,196,0,https://doi.org/10.15472/guwytk
CONABIO. 2021. Naturalista. Comisión Nacional para el Conocimiento y Uso de la Biodiversidad (CONABIO). Bases de datos SNIB-CONABIO. Ciudad de México,CC0 1.0,195,194,
"Urrutia N S, Rios E Y (2019). Caracterización de la mastofauna asociada a los bosques secos del Dagua - Valle del Cauca, 2018. Instituto de Investigaciones Ambientales del Pacífico John Von Neumann - IIAP. Occurrence dataset https://doi.org/10.15472/d7vrrj accessed via GBIF.org on 2022-07-07.",CC BY-NC 4.0,193,0,https://doi.org/10.15472/d7vrrj
"Archer E, OBIS-SEAMAP (2022). SWFSC Marine Mammal Survey, STAR-LITE 2007, Cruise 1634. Version 1.8. OBIS-SEAMAP. Occurrence dataset https://doi.org/10.15468/35x77n accessed via GBIF.org on 2022-07-07.",CC BY-NC 4.0,191,1,https://doi.org/10.15468/35x77n
"Ballance L, Moore J, OBIS-SEAMAP (2022). SWFSC Marine Mammal Survey, STAR 1998, Cruise 1610. Version 2.0. OBIS-SEAMAP. Occurrence dataset https://doi.org/10.15468/y4wmbv accessed via GBIF.org on 2022-07-07.",CC BY-NC 4.0,191,189,https://doi.org/10.15468/y4wmbv
"Gerrodette, T. 2004. SWFSC Marine Mammal Survey, MOPS 1988, Cruise 1164. Data downloaded from OBIS-SEAMAP (http://seamap.env.duke.edu/dataset/195) on yyyy-mm-dd. https://doi.org/10.15468/xeqvsj accessed via GBIF.org on 2022-07-07.",CC BY-NC 4.0,187,177,https://doi.org/10.15468/xeqvsj
"Rutherford M G, Auguste R J (2018). UWIZM Mammals. Version 1.4. The University of the West Indies Zoology Museum (UWIZM). Occurrence dataset https://doi.org/10.15468/xk58rw accessed via GBIF.org on 2022-07-07.",CC BY 4.0,187,0,https://doi.org/10.15468/xk58rw
"Dunn, C. 2013. Bahamas Marine Mammal Research Organisation On-transect Sightings. Data downloaded from OBIS-SEAMAP (http://seamap.env.duke.edu/dataset/328) on yyyy-mm-dd. https://doi.org/10.15468/tbknk3 accessed via GBIF.org on 2022-07-07.",CC BY-NC 4.0,185,0,https://doi.org/10.15468/tbknk3
"Linares Arias J C, Carrillo Fajardo M Y (2018). Vertebrados de los humedales de La Mojana, Colombia. Instituto de Investigación de Recursos Biológicos Alexander von Humboldt. Occurrence dataset https://doi.org/10.15472/e7ezbx accessed via GBIF.org on 2022-07-07.",CC BY-NC 4.0,184,0,https://doi.org/10.15472/e7ezbx
Happywhale. 2021. Happywhale - Humpback Whale in North Pacific Ocean. Data downloaded from OBIS-SEAMAP (http://seamap.env.duke.edu/dataset/1765) on yyyy-mm-dd originated from Happywhale.com. https://doi.org/10.15468/7c2dqf accessed via GBIF.org on 2022-07-07.,CC BY 4.0,183,183,https://doi.org/10.15468/7c2dqf
Alviz A (2019). Fauna y Flora de Cinaruco - 2014- 2016. Version 2.1. Parques Nacionales Naturales de Colombia. Occurrence dataset https://doi.org/10.15472/uzt8fr accessed via GBIF.org on 2022-07-07.,CC BY 4.0,180,0,https://doi.org/10.15472/uzt8fr
"Ballance L, Moore J, OBIS-SEAMAP (2022). SWFSC Marine Mammal Survey, STAR 2000, Cruise 1616. Version 2.0. OBIS-SEAMAP. Occurrence dataset https://doi.org/10.15468/92gzm5 accessed via GBIF.org on 2022-07-07.",CC BY-NC 4.0,180,65,https://doi.org/10.15468/92gzm5
Barrera Zambrano V A (2019). Inventario y evaluación de fauna silvestre en el campo de exploración petrolera Niscota Sur. Version 2.1. Asociación de Becarios del Casanare. Occurrence dataset https://doi.org/10.15472/ka0pks accessed via GBIF.org on 2022-07-07.,CC BY-NC 4.0,180,0,https://doi.org/10.15472/ka0pks
"Soberón G., J. M. Nava, Z. V. Ojeda, L. A. Hurtado y O. Vidal. 1998. Consolidación y sistematización de las colecciones de referencia de peces y mamíferos marinos del ITESM Campus Guaymas. Unidad Guaymas. Instituto Tecnológico y de Estudios Superiores de Monterrey. Bases de datos SNIB-CONABIO, proyecto B142. México, D. F.",CC BY 4.0,180,180,
"Mora C (2019). Caracterización biótica para la conservación de especies amenazadas en el área de influencia del Oleoducto Bicentenario, departamentos de Arauca y Casanare, Colombia. Version 1.2. Instituto de Investigación de Recursos Biológicos Alexander von Humboldt. Occurrence dataset https://doi.org/10.15472/sftwc4 accessed via GBIF.org on 2022-07-07.",CC BY-NC 4.0,175,0,https://doi.org/10.15472/sftwc4
Leibniz Institute for the Analysis of Biodiversity Change (LIB). ZFMK Mammalia collection. Occurrence dataset https://doi.org/10.15468/gwqwux accessed via GBIF.org on 2022-07-07.,CC BY 4.0,172,172,https://doi.org/10.15468/gwqwux
"Toro Marín Y (2017). Estudios bióticos: Plantas, anfibios, mamíferos, aves y edafofauna epígea (coleópteros y arácnidos), en el complejo de páramo Los Nevados. Version 2.2. Instituto de Investigación de Recursos Biológicos Alexander von Humboldt. Occurrence dataset https://doi.org/10.15472/rs81k8 accessed via GBIF.org on 2022-07-07.",CC BY-NC 4.0,172,0,https://doi.org/10.15472/rs81k8
"Zhuang V, Mayfield-Meyer T (2022). UTEP Mammals (Arctos). Version 10.63. University of Texas at El Paso Biodiversity Collections. Occurrence dataset https://doi.org/10.15468/cvlpkg accessed via GBIF.org on 2022-07-07.",CC0 1.0,172,172,https://doi.org/10.15468/cvlpkg
Labedz T (2021). University of Nebraska State Museum Mammals Collection. University of Nebraska State Museum. Occurrence dataset https://doi.org/10.15468/d8ps8f accessed via GBIF.org on 2022-07-07.,CC0 1.0,171,0,https://doi.org/10.15468/d8ps8f
"Calambokidis, J. 2013. Cascadia Research Blue Whale Photo IDs for US West Coast, 1972-2004. Data downloaded from OBIS-SEAMAP (http://seamap.env.duke.edu/dataset/99) on yyyy-mm-dd. https://doi.org/10.15468/a2aykw accessed via GBIF.org on 2022-07-07.",CC BY-NC 4.0,169,169,https://doi.org/10.15468/a2aykw
Happywhale. 2021. Happywhale - Gray Whale in North Pacific Ocean. Data downloaded from OBIS-SEAMAP (http://seamap.env.duke.edu/dataset/1739) on yyyy-mm-dd originated from Happywhale.com. https://doi.org/10.15468/fed54u accessed via GBIF.org on 2022-07-07.,CC0 1.0,168,168,https://doi.org/10.15468/fed54u
"Mantilla Meluk H, Quintana Vargas A (2021). Registros de quirópteros de tres localidades del caribe colombiano. Version 1.3. Instituto de Investigación de Recursos Biológicos Alexander von Humboldt. Occurrence dataset https://doi.org/10.15472/qmuoym accessed via GBIF.org on 2022-07-07.",CC BY-NC 4.0,168,0,https://doi.org/10.15472/qmuoym
"Álvarez-Castañeda S. T. y E. Rios. 2019. Inventario faunístico de dos regiones terrestres prioritarias de la península de Baja California: San Telmo-San Quintín y Planicies de Magdalena. Centro de Investigaciones Biológicas del Noroeste, S. C. Bases de datos (Bold) SNIB-CONABIO, proyecto JF209. Ciudad de México",CC BY 4.0,168,168,
"Espinosa-Garduño M. 2012. Evaluación y monitoreo de manglar en la Reserva de la Biósfera Los Petenes con énfasis en criterios de sustentabilidad y desarrollo. Asociación Territorios Vivos A. C. Bases de datos SNIB-CONABIO, proyecto FN004. México, D. F.",CC BY 4.0,165,165,
"Valdes J D, Arias Monsalve H F, Arias Ortiz F N, arias F, monsalve H (2022). Fauna presente en los predios de conservación propiedad CHEC. Version 1.1. Central Hidroeléctrica de Caldas S.A E.S.P. Occurrence dataset https://doi.org/10.15472/uru0ss accessed via GBIF.org on 2022-07-07.",CC BY-NC 4.0,163,0,https://doi.org/10.15472/uru0ss
"Londoño Guerrero G A, Castañeda M D R, Riascos Ramírez J A (2022). Colección de Zoología Universidad Icesi: Mamíferos. Universidad Icesi. Occurrence dataset https://doi.org/10.15472/gqbqlq accessed via GBIF.org on 2022-07-07.",CC BY-NC 4.0,161,0,https://doi.org/10.15472/gqbqlq
"Nuñez G, Martinez J (2021). Distribución del Manatí (Trichechus manatus) en la cuenca baja del río Sinú en el departamento de Córdoba. Version 2.1. CVS - Corporación Autónoma Regional de los Valles del Sinú y del San Jorge-. Occurrence dataset https://doi.org/10.15472/ldpup1 accessed via GBIF.org on 2022-07-07.",CC BY 4.0,161,0,https://doi.org/10.15472/ldpup1
"Epperson, D. 2012. BOEM Sperm Whale Seismic Study (SWSS) S-Tag Argos Telemetry. Data downloaded from OBIS-SEAMAP (http://seamap.env.duke.edu/dataset/810) on yyyy-mm-dd. https://doi.org/10.15468/7pe9cx accessed via GBIF.org on 2022-07-07.",CC BY 4.0,159,157,https://doi.org/10.15468/7pe9cx
"García-Restrepo S, Cano Cobos Y (2022). Colección de Mamíferos del Museo de Historia Natural C.J. Marinkelle. Version 1.4. Universidad de los Andes. Occurrence dataset https://doi.org/10.15472/knkrwh accessed via GBIF.org on 2022-07-07.",CC BY-NC 4.0,158,0,https://doi.org/10.15472/knkrwh
"Mantilla Meluk H, Herrera Collazos E (2019). Murciélagos de las sabanas inundables de las cuencas de los ríos Bita, Manacacías y Cravo Sur - SULU II. Version 1.2. Fundación Omacha. Occurrence dataset https://doi.org/10.15472/cgnk0x accessed via GBIF.org on 2022-07-07.",CC BY-NC 4.0,157,0,https://doi.org/10.15472/cgnk0x
"Morales Martínez D M, Herrera Collazos E (2021). Mamíferos colectados en expedición al Río Apaporis - Proyecto Colombia BIO. Version 2.4. Instituto Amazónico de Investigaciones Científicas - SINCHI. Occurrence dataset https://doi.org/10.15472/abfl3z accessed via GBIF.org on 2022-07-07.",CC BY-NC 4.0,157,0,https://doi.org/10.15472/abfl3z
"Peralta Zapata N A, Sáenz Jiménez F, Serrano S J, Calonge Camargo B H, Garcés Ortiz E P, Ardila Rueda C, Sánchez Ardila J, Caballero A. D V (2021). Proyecto fauna y sistemas productivos en el área de influencia de la Central Hidroeléctrica Sogamoso - Santander. Version 1.1. ISAGEN S.A. E.S.P.. Occurrence dataset https://doi.org/10.15472/crneil accessed via GBIF.org on 2022-07-07.",CC BY-NC 4.0,155,0,https://doi.org/10.15472/crneil
"Salazar E V, Martínez Castaño D, Gonzalez Londoño D M, Posada Silva E, Atehortua Gomez A F, Rivera Prieto D A, De la hoz Vasquez T A, Sanchez Ríos M, Murillo Bedoya D, Bonilla Sanchez A, Rivero Henao L Á (2018). Inventarios de fauna y flora en los DRMIs Embalse Peñol - Guatapé y Cuenca Alta del Río Guatapé, Las Camelias y el área a declarar Cuenca de San Pedro. Version 2.0. CORNARE - Corporación Autónoma Regional de las cuencas de los ríos Negro y Nare. Occurrence dataset https://doi.org/10.15472/hxqe5j accessed via GBIF.org on 2022-07-07.",CC BY 4.0,155,0,https://doi.org/10.15472/hxqe5j
"Trujillo F, Velásquez Niño J (2019). Caracterización de fauna y flora para el establecimiento de límites funcionales de humedales en tres ventanas piloto: Ciénaga de la Virgen,  Ciénaga Zapatosa y  Complejo de humedales Paz de Ariporo - Hato Corozal. Version 5.3. Instituto de Investigación de Recursos Biológicos Alexander von Humboldt. Occurrence dataset https://doi.org/10.15472/vcak6r accessed via GBIF.org on 2022-07-07.",CC BY-NC 4.0,155,0,https://doi.org/10.15472/vcak6r
"Orjuela S, Muñoz I (2021). Biodiversidad en las propuestas para declaratoria de Áreas Protegidas en los Municipios de Dagua, Restrepo, La Cumbre y Vijes y un Grupo de Reservas Naturales de la Sociedad Civil. Version 3.2. Fundación Gaia. Occurrence dataset https://doi.org/10.15472/bz0iw2 accessed via GBIF.org on 2022-07-07.",CC BY-NC 4.0,154,0,https://doi.org/10.15472/bz0iw2
"Trujano-Ortega M., U. O. García-Vázquez, O. Ávalos-Hernández y A. Nieto-Montes de Oca. 2019. Diversidad de grupos selectos de flora (Magnoliopsida: Malvales, Sapindales, Fabales, Laurales, Solanales y Caryophyllales) y fauna (Lepidoptera, Diptera, Odonata, Amphibia, Reptilia, Aves y Mammalia) del APFF Boquerón de Tonalá, Oaxaca, México. Facultad de Ciencias. Universidad Nacional Autónoma de México. Bases de datos SNIB-CONABIO, proyecto PJ016. Ciudad de México",CC BY 4.0,152,152,
"García Morera Y, Quijano Abril C J, Perez Henao P A, HMV Ingenieros Ltda, Servicios Ambientales y Geográficos S.A (2022). Biodiversidad asociada al proyecto Conexión Urabá - Nueva Colonia - Apartadó a 110 kV, Antioquia. Version 1.1. Empresas Públicas de Medellín E.S.P.. Occurrence dataset https://doi.org/10.15472/betpqh accessed via GBIF.org on 2022-07-07.",CC BY-NC 4.0,151,0,https://doi.org/10.15472/betpqh
"Mertz W, Ludt W, Clardy T, Robson S, Suh Y H, Camacho N (2024). LACM Vertebrate Collection. Version 18.15. Natural History Museum of Los Angeles County. Occurrence dataset https://doi.org/10.15468/77rmwd accessed via GBIF.org on 2024-07-31.",CC0 1.0,151,0,https://doi.org/10.15468/77rmwd
"Mosquera Guerra F, Herrera Collazos E (2019). Mamíferos no voladores de las sabanas inundables de las cuencas de los ríos Bita, Manacacías y Cravo Sur - SULU II. Version 1.1. Fundación Omacha. Occurrence dataset https://doi.org/10.15472/8sg42h accessed via GBIF.org on 2022-07-07.",CC BY-NC 4.0,150,0,https://doi.org/10.15472/8sg42h
"Ramírez Martínez N M (2022). Registros de mamíferos de los Parques Ecológicos Distritales de Montaña de Bogotá, D.C.. Version 1.2. Secretaría Distrital de Ambiente. Occurrence dataset https://doi.org/10.15472/zhxjw7 accessed via GBIF.org on 2022-07-07.",CC BY-NC 4.0,150,0,https://doi.org/10.15472/zhxjw7
"Rutherford M G, Auguste R J (2018). CAREC Mammals. Version 1.4. The University of the West Indies Zoology Museum (UWIZM). Occurrence dataset https://doi.org/10.15468/sk8qs3 accessed via GBIF.org on 2022-07-07.",CC BY 4.0,150,0,https://doi.org/10.15468/sk8qs3
"Farías G. V., Y. García-F, O. Tellez-V y V. Bernal-L. 2015. Distribución potencial de las especies de Leporidae en México y las implicaciones para su conservación. Unidad de Biología, Tecnología y Prototipos. Unidad  Iztacala. Facultad de Estudios Superiores. Universidad Nacional Autónoma de México. Bases de datos SNIB-CONABIO, proyecto JM034. México, D. F.",CC BY 4.0,149,138,
Pinilla M (2021). Inventario de Mamíferos Mámbita. Version 2.2. Fundación Humedales. Occurrence dataset https://doi.org/10.15472/zmb7qt accessed via GBIF.org on 2022-07-07.,CC BY-NC 4.0,149,0,https://doi.org/10.15472/zmb7qt
"Vela Vargas I M (2019). Caracterización biológica de la ventana de biodiversidad Montes de María, Municipio de Colosó, Sucre, Colombia. Version 1.2. Instituto de Investigación de Recursos Biológicos Alexander von Humboldt. Occurrence dataset https://doi.org/10.15472/34d3kc accessed via GBIF.org on 2022-07-07.",CC BY-NC 4.0,149,0,https://doi.org/10.15472/34d3kc
"Ramírez Correal B H, Barrera Zambrano V A (2019). Inventarios de Biodiversidad para Predios de Compra como inversión del 1% por uso del recurso hídrico del Proyecto Hurón 3 de la compañía Equión Energía Limited. Version 2.2. Asociación de Becarios del Casanare. Occurrence dataset https://doi.org/10.15472/caqoqv accessed via GBIF.org on 2022-07-07.",CC BY 4.0,148,0,https://doi.org/10.15472/caqoqv
"Mantilla Meluk H, Quintana Vargas A (2021). Tejidos de quirópteros de tres localidades del caribe colombiano. Version 1.3. Instituto de Investigación de Recursos Biológicos Alexander von Humboldt. Occurrence dataset https://doi.org/10.15472/ape0sl accessed via GBIF.org on 2022-07-07.",CC BY-NC 4.0,142,0,https://doi.org/10.15472/ape0sl
"Uriostegui-Velarde J M, Albino-Miranda S, Díaz-Ortiz E V, Guerrero J A, Guillén-Servent A (2022). Importancia del Parque Estatal Cerro de la Tortuga para la conservación de los mamíferos del estado de Morelos, México. Version 1.2. Museu de Ciències Naturals de Barcelona. Occurrence dataset https://doi.org/10.15470/6uxnzi accessed via GBIF.org on 2022-07-07.",CC BY 4.0,141,141,https://doi.org/10.15470/6uxnzi
"Arboleda Saldarriaga N, Barreto Sanchez L H, Jiménez Ballén G, Díaz C, Camargo L, WSP Colombia S.A.S (2022). Biodiversidad asociada al proyecto Línea de Transmisión a 110 kV San Lorenzo-Sonsón. Empresas Públicas de Medellín E.S.P.. Occurrence dataset https://doi.org/10.15472/ot1u73 accessed via GBIF.org on 2022-07-07.",CC BY-NC 4.0,138,0,https://doi.org/10.15472/ot1u73
Trombone T (2016). AMNH Mammal Collections. American Museum of Natural History. Occurrence dataset https://doi.org/10.15468/wu3poe accessed via GBIF.org on 2022-07-07.,CC0 1.0,138,44,https://doi.org/10.15468/wu3poe
"Flores-Villela O. 1994. Historia natural del parque ecológico estatal de Omiltemi, Chilpancingo, Guerrero, México. Facultad de Ciencias. Universidad Nacional Autónoma de México. Bases de datos SNIB-CONABIO, proyecto A004. México, D. F.",CC BY 4.0,137,137,
"Ramsey, J., K. De la Cruz, E. Tun-Ku. 2015. Filogeografía y genética poblacional de Trypanosoma cruzi (Kinetoplastida: Trypanosomatidae). Centro Regional de Investigación en Salud Pública, INSP. México",CC BY 4.0,137,137,
"Fierro Calderon K (2018). Caracterización de Flora y Fauna en la cuenca del río Calamar, municipios de Bolívar y Trujillo, Valle del Cauca. Asociación para el estudio y conservación de las aves acuáticas en Colombia - Calidris. Occurrence dataset https://doi.org/10.15472/bh7clv accessed via GBIF.org on 2022-07-07.",CC BY 4.0,136,0,https://doi.org/10.15472/bh7clv
Fahy K (2016). SBMNH Vertebrate Zoology. Version 5.1. Santa Barbara Museum of Natural History. Occurrence dataset https://doi.org/10.15468/amfnkq accessed via GBIF.org on 2022-07-07.,CC0 1.0,135,131,https://doi.org/10.15468/amfnkq
"Gerrodette, T. 2004. SWFSC Marine Mammal Survey, MOPS 1987, Cruise 1080. Data downloaded from OBIS-SEAMAP (http://seamap.env.duke.edu/dataset/191) on yyyy-mm-dd. https://doi.org/10.15468/ettwct accessed via GBIF.org on 2022-07-07.",CC BY-NC 4.0,134,1,https://doi.org/10.15468/ettwct
"Sarria Salas S, Salazar Marín M C (2018). Fauna y flora asociada a 18 humedales del valle geográfico del río Cauca. Version 4.1. CVC - Corporación Autónoma Regional del Valle del Cauca. Occurrence dataset https://doi.org/10.15472/yguqxm accessed via GBIF.org on 2022-07-07.",CC BY-NC 4.0,134,0,https://doi.org/10.15472/yguqxm
"Ballance L, Moore J, OBIS-SEAMAP (2022). SWFSC Marine Mammal Survey, STAR 1999, Cruise 1614. Version 2.0. OBIS-SEAMAP. Occurrence dataset https://doi.org/10.15468/pxujws accessed via GBIF.org on 2022-07-07.",CC BY-NC 4.0,133,129,https://doi.org/10.15468/pxujws
"Sánchez Castrillón J, Reyes Amaya N R (2021). Mamíferos voladores de San Andrés y Providencia - Expedición Sea Flower Plus 2021. Instituto de Investigación de Recursos Biológicos Alexander von Humboldt. Occurrence dataset https://doi.org/10.15472/gjebnh accessed via GBIF.org on 2022-07-07.",CC BY-NC 4.0,133,0,https://doi.org/10.15472/gjebnh
"Bolívar- García W, Barona Cortés E, Bolívar W (2019). Análisis de Integridad Biológica  para el Distrito Regional de Manejo Integrado Atuncela. Convenio CVC. Univalle 108 de 2017. Version 2.1. Universidad del Valle. Occurrence dataset https://doi.org/10.15472/o8vvwi accessed via GBIF.org on 2022-07-07.",CC0 1.0,131,0,https://doi.org/10.15472/o8vvwi
"García Morera Y, Carmona Bedoya J, Quijano Abril C J, HMV Ingenieros Ltda, Servicios Ambientales y Geográficos S.A (2022). Biodiversidad asociada al proyecto Línea de Transmisión de Energía Segundo Circuito San Lorenzo - Calizas a 110 kV, Antioquia. Version 1.1. Empresas Públicas de Medellín E.S.P.. Occurrence dataset https://doi.org/10.15472/pdkkgu accessed via GBIF.org on 2022-07-07.",CC BY-NC 4.0,128,0,https://doi.org/10.15472/pdkkgu
"Sierra Leal J A, Sarmiento J, Carrero D, Acevedo A, Rodríguez P (2020). Colección de Zoología General de la Universidad de Pamplona. Version 2.4. Universidad de Pamplona. Occurrence dataset https://doi.org/10.15472/qmwz8a accessed via GBIF.org on 2022-07-07.",CC BY 4.0,126,0,https://doi.org/10.15472/qmwz8a
"Gerrodette, T. 2004. SWFSC Marine Mammal Survey, MOPS 1990, Cruise 1369. Data downloaded from OBIS-SEAMAP (http://seamap.env.duke.edu/dataset/203) on yyyy-mm-dd. https://doi.org/10.15468/gb838j accessed via GBIF.org on 2022-07-07.",CC BY-NC 4.0,123,121,https://doi.org/10.15468/gb838j
"Gerrodette, T. 2004. SWFSC Marine Mammal Survey, PODS 1992, Cruise 1467. Data downloaded from OBIS-SEAMAP (http://seamap.env.duke.edu/dataset/209) on yyyy-mm-dd. https://doi.org/10.15468/39utxz accessed via GBIF.org on 2022-07-07.",CC BY-NC 4.0,123,123,https://doi.org/10.15468/39utxz
"Flórez Jaramillo L Á, Bolívar García W (2018). Análisis de integridad biológica en el Parque Natural Regional (PNR) El Vínculo. Version 2.1. Universidad del Valle. Occurrence dataset https://doi.org/10.15472/zi9yqb accessed via GBIF.org on 2022-07-07.",CC BY-NC 4.0,121,0,https://doi.org/10.15472/zi9yqb
"Chávez C., M. J. Muñozcano y G. Ceballos. 2012. Censo nacional del jaguar y sus presas (1a etapa). TELCEL y TELMEX. Alianza World Wildlife Fund (WWF). Comisión Nacional de Áreas Naturales Protegidas (CONANP). Instituto de Ecología. Bases de datos SNIB-CONABIO (Ejido 20 de noviembre, Calakmul, Campeche), proyecto HE011. México, D. F.",CC BY 4.0,120,120,
"Findley L. T., M. E. Hendrickx, R. C. Brusca, A. M. Van der Heiden, P. A. Hastings y J. Torre. 1998. Formación de una base de datos de la biodiversidad de fauna marina y costera en el Golfo de California. Centro de Investigación y Desarrollo de los Recursos Naturales de Sonora. Bases de datos SNIB-CONABIO, proyecto P104. México, D. F.",CC BY 4.0,120,118,
Bayly N (2022). Cruzando el Caribe - Construyendo la capacidad para el ecoturismo en el Darién y Urabá. Version 2.2. Asociación SELVA: Investigación para la Conservación en el Neotrópico. Occurrence dataset https://doi.org/10.15472/7okxxe accessed via GBIF.org on 2022-07-07.,CC BY-NC 4.0,119,0,https://doi.org/10.15472/7okxxe
CONABIO. 2025. Naturalista. Comisión Nacional para el Conocimiento y Uso de la Biodiversidad (CONABIO). Bases de datos SNIB-CONABIO. Ciudad de México,CC0 1.0,119,99,
"Dueñas A (2021). Fauna y flora de la cuenca media del río Lebrija en Rionegro, Santander. Version 2.2. Instituto de Investigación de Recursos Biológicos Alexander von Humboldt. Occurrence dataset https://doi.org/10.15472/s7nkkz accessed via GBIF.org on 2022-07-07.",CC BY-NC 4.0,118,0,https://doi.org/10.15472/s7nkkz
"Urbán-Ramírez J. 1997. El rorcual común Balaenoptera physalus, en el Golfo de California, México. Universidad Autónoma de Baja California Sur. Bases de datos SNIB-CONABIO, proyecto B040. México, D. F.",CC BY 4.0,118,117,
"Gomez Patiño J C, Carmona Cano E, Aguilar Amaya E M, Grisales F A, Marin D, Téllez L, Rodriguez Ríos D F, Giraldo Gómez S, Rodriguez S, Betancur Huiguita S C, Santana D, Garcés Quintero E Y, Ordoñez Castillo N F, Gómez Monsalve R, Garcia S, Vargas C A, Amador J A, Quintero E A, Palacio S, Gallo S M, Servicios Ambientales y geográficos SAG S.A (2022). Biodiversidad asociada al proyecto Parque Solar Fotovoltaico Tepuy. Version 2.1. Empresas Públicas de Medellín E.S.P.. Occurrence dataset https://doi.org/10.15472/maulhd accessed via GBIF.org on 2022-07-07.",CC BY-NC 4.0,117,0,https://doi.org/10.15472/maulhd
"Quiroga M E, Ramírez Hernández L M (2021). Biodiversidad asociada al proyecto de aprovechamiento de recursos minerales Queresas y Porvenir en el municipio de Planeta Rica. Version 1.3. Cerro Matoso S.A. Occurrence dataset https://doi.org/10.15472/73gq8n accessed via GBIF.org on 2022-07-07.",CC BY-NC 4.0,117,0,https://doi.org/10.15472/73gq8n
"Cárdenas G (2021). Inventarios de Fauna y Flora en Relictos de Bosque en el Enclave Seco del Río Amaime, Valle del Cauca. Version 11.2. WCS Colombia. Occurrence dataset https://doi.org/10.15472/sbdvqt accessed via GBIF.org on 2022-07-07.",CC0 1.0,115,0,https://doi.org/10.15472/sbdvqt
"Santos, M. 2024. Environmental Baseline of the Terrestrial Influence Area of Jaguar Terminal Terrestre de Etano Project, TQPM. Environmental Resources Management (ERM), México. Base de datos SNIB-CONABIO, proyecto Z071. Ciudad de México",CC BY 4.0,115,115,
Barrera Zambrano V A (2022). Inventarios de la biodiversidad en el piedemonte subandino de Yopal. Version 2.3. Asociación de Becarios del Casanare. Occurrence dataset https://doi.org/10.15472/xfh8lc accessed via GBIF.org on 2022-07-07.,CC BY-NC 4.0,114,0,https://doi.org/10.15472/xfh8lc
"Manterola y Piña C. 2000. Censo aéreo de poblaciones de borrego cimarrón (Ovis canadensis cremnobates) en Baja California, México. Unidos para la Conservación A. C. Bases de datos SNIB-CONABIO, proyecto U017. México, D. F.",CC BY 4.0,112,112,
"Salazar Giraldo E, Vahos M, Restrepo D F, Restrepo A, Acevedo J F, Arango S, Vega J, Ospina A, Guzmán D F, Monsalve J (2021). Registros de flora y fauna asociados al estudio de diagnóstico para la declaratoria del Área de Recreación Humedal El Trianón – La Heliodora. Área Metropolitana del Valle de Aburrá. Occurrence dataset https://doi.org/10.15472/fnszud accessed via GBIF.org on 2022-07-07.",CC BY 4.0,112,0,https://doi.org/10.15472/fnszud
"Serna-González M, Mejía W, Rivera Gomez J, Saravia Ruiz P (2021). Caracterización de Fauna del Banco de Hábitat del Bosque Seco Tropical Antioquia de Terrasos. Version 1.5. TERRASOS. Occurrence dataset https://doi.org/10.15472/l2c4le accessed via GBIF.org on 2022-07-07.",CC BY-NC 4.0,111,0,https://doi.org/10.15472/l2c4le
"Salazar Giraldo E, Vahos M, Restrepo F, Molina S, Gutiérrez Ruiz K H, Cardona Naranjo F A, Posada Herrera J M, Salazar Gil N A, González J D, Salas G P, Giraldo J P, Jaramillo Hernández J D, Castañeda López M J, Ocampo E P, Uribe Franco A, Hinestroza V, Suárez L (2021). Registros de flora y fauna presentes en el Cerro Tutelar de Envigado, asociados al estudio de ampliación del Área de Recreación Humedal El Trianón – La Heliodora. Version 1.1. Área Metropolitana del Valle de Aburrá. Occurrence dataset https://doi.org/10.15472/lb4zia accessed via GBIF.org on 2022-07-07.",CC BY 4.0,110,0,https://doi.org/10.15472/lb4zia
"Gerrodette, T. 2004. SWFSC Marine Mammal Survey, MOPS 1986, Cruise 0990. Data downloaded from OBIS-SEAMAP (http://seamap.env.duke.edu/dataset/189) on yyyy-mm-dd. https://doi.org/10.15468/jdydkj accessed via GBIF.org on 2022-07-07.",CC BY-NC 4.0,106,39,https://doi.org/10.15468/jdydkj
Olaciregui C (2017). Evaluación de la presencia de 'Marmosa robinsoni' e inventario de mamíferos en el Departamento del Atlántico. Fundación Botánica y Zoológica de Barranquilla. Occurrence dataset https://doi.org/10.15472/54fglv accessed via GBIF.org on 2022-07-07.,CC0 1.0,106,0,https://doi.org/10.15472/54fglv
"Bolívar- García W, Barona Cortés E, Giraldo López A (2019). Análisis de Integridad Biológica en la Reserva Forestal Protectora Regional Bitaco. Convenio CVC- Univalle 108 de 2017. Version 2.2. Universidad del Valle. Occurrence dataset https://doi.org/10.15472/rydunn accessed via GBIF.org on 2022-07-07.",CC0 1.0,105,0,https://doi.org/10.15472/rydunn
"Naranjo-Piñera E. J. 2013. Conocimiento integral del tapir (Tapirus bairdii) y el pecari de labios blancos (Tayassu pecari) en México. Unidad San Cristóbal de las Casas. El Colegio de la Frontera Sur. Bases de datos SNIB-CONABIO, proyecto HK014. México, D. F.",CC BY 4.0,105,105,
Conservation International. Rapid Assessment Program (RAP) Biodiversity Survey Database. Occurrence dataset https://doi.org/10.15468/tsrjm0 accessed via GBIF.org on 2022-07-07.,CC BY 4.0,104,0,https://doi.org/10.15468/tsrjm0
"Ecopetrol. S.A., Instituto de Investigación de Recursos Biológicos Alexander von Humboldt (2022). Mamíferos de la Ecoreserva Predio Refinería (Barrancabermeja, Santander) - Proyecto FIBRAS. Version 1.2. Instituto de Investigación de Recursos Biológicos Alexander von Humboldt. Occurrence dataset https://doi.org/10.15472/rmpphj accessed via GBIF.org on 2022-07-07.",CC BY-NC 4.0,103,0,https://doi.org/10.15472/rmpphj
"Ramirez Hernandez L M (2019). Estudio de Biodiversidad Mina Calenturitas, Temporada de Lluvias. INERCO Consultoría Colombia. Occurrence dataset https://doi.org/10.15472/uecnoz accessed via GBIF.org on 2022-07-07.",CC BY 4.0,103,0,https://doi.org/10.15472/uecnoz
"Ecopetrol S.A., Ambienciq ingenieros, Antea Colombia S.A.S. (2022). Biodiversidad asociada a la modificación del Plan de Manejo Ambiental Integral de Mares. Version 1.1. Ecopetrol S.A.. Occurrence dataset https://doi.org/10.15472/gt8swr accessed via GBIF.org on 2022-07-07.",CC BY-NC 4.0,102,0,https://doi.org/10.15472/gt8swr
"Dillman C, Dardia C (2018). CUMV Mammal Collection. Version 27.17. Cornell University Museum of Vertebrates. Occurrence dataset https://doi.org/10.15468/kkgkne accessed via GBIF.org on 2022-07-07.",CC0 1.0,101,97,https://doi.org/10.15468/kkgkne
"NUÑEZ ZABALA G, Nuñez G (2021). Inventario de Aves y Mamíferos en humedales del departamento de Córdoba. Version 3.3. CVS - Corporación Autónoma Regional de los Valles del Sinú y del San Jorge-. Occurrence dataset https://doi.org/10.15472/qkfkbl accessed via GBIF.org on 2022-07-07.",CC BY-NC 4.0,101,0,https://doi.org/10.15472/qkfkbl
"Acevedo-Charry O, Borja-Acosta K (2022). Colección de Sonidos Ambientales del Instituto de Investigación de Recursos Biológicos Alexander von Humboldt (IAvH-CSA). Version 10.4. Instituto de Investigación de Recursos Biológicos Alexander von Humboldt. Occurrence dataset https://doi.org/10.15472/scqpmf accessed via GBIF.org on 2022-07-07.",CC BY-NC 4.0,99,0,https://doi.org/10.15472/scqpmf
CONABIO. 2019. Naturalista. Comisión Nacional para el Conocimiento y Uso de la Biodiversidad (CONABIO). Bases de datos SNIB-CONABIO. Ciudad de México,CC0 1.0,99,99,
CONABIO. 2025. Naturalista. Comisión Nacional para el Conocimiento y Uso de la Biodiversidad (CONABIO). Bases de datos SNIB-CONABIO. Ciudad de México,CC BY-SA 4.0,99,98,
"Atuesta Dimian N, Herrera Collazos E (2021). Mamíferos medianos y grandes observados en la expedición al Río Apaporis - Proyecto Colombia BIO. Version 2.3. Instituto Amazónico de Investigaciones Científicas - SINCHI. Occurrence dataset https://doi.org/10.15472/zj4wsh accessed via GBIF.org on 2022-07-07.",CC BY-NC 4.0,97,0,https://doi.org/10.15472/zj4wsh
"Chávez-León G. 2006. Inventario florístico y faunístico del Parque Nacional Barranca del Cupatitzio, Michoacán. Instituto Nacional de Investigaciones Forestales, Agrícolas y Pecuarias (INIFAP). Secretaría de Agricultura, Ganadería, Desarrollo Rural, Pesca y Alimentación (SAGARPA). Bases de datos SNIB-CONABIO, proyecto AS014. México, D. F.",CC BY 4.0,97,97,
"Gerrodette, T. 2004. SWFSC Marine Mammal Survey, PODS 1993, Cruise 1508. Data downloaded from OBIS-SEAMAP (http://seamap.env.duke.edu/dataset/213) on yyyy-mm-dd. https://doi.org/10.15468/wfs5es accessed via GBIF.org on 2022-07-07.",CC BY-NC 4.0,97,97,https://doi.org/10.15468/wfs5es
"Pérez K, Vasquez Valderrama M (2017). Fauna y flora del municipio de Lipa, Arauca. Version 1.3. Instituto de Investigación de Recursos Biológicos Alexander von Humboldt. Occurrence dataset https://doi.org/10.15472/ysgktc accessed via GBIF.org on 2022-07-07.",CC BY-NC 4.0,96,0,https://doi.org/10.15472/ysgktc
"Perez Henao P A, Cuartas palacio L F, García R, Luna D, Arango C, Buitrago J, Castaño D, Espinal T, GESTIÓN Y DISEÑOS ELÉCTRICOS S.A. - GDEL (2022). Fauna y flora asociada al proyecto Línea de Transmisión a 110kV La Ceja - Sonsón. Version 2.1. Empresas Públicas de Medellín E.S.P.. Occurrence dataset https://doi.org/10.15472/cvqzkg accessed via GBIF.org on 2022-07-07.",CC BY-NC 4.0,95,0,https://doi.org/10.15472/cvqzkg
National Ecological Observatory Network (2022). NEON Biorepository Mammal Collection (DNA Extracts). Occurrence dataset https://doi.org/10.15468/6mxmvr accessed via GBIF.org on 2022-07-07.,CC0 1.0,94,0,https://doi.org/10.15468/6mxmvr
"Flórez Jaramillo L Á, Vargas-Figueroa J A, Arboleda González S, Guerrero Angulo C A, Sánchez Martínez M A, Ferro Muñoz L N (2021). Establecimiento de un área protegida en el Alto y Bajo Calima, área clave de biodiversidad en el Valle del Cauca, Colombia. Version 1.3. Fundación Trópico. Occurrence dataset https://doi.org/10.15472/ukf4rm accessed via GBIF.org on 2022-07-07.",CC BY 4.0,93,0,https://doi.org/10.15472/ukf4rm
iNaturalistMX. Disponible en https://mexico.inaturalist.org. Acceso 16 de febrero de 2024,CC0 1.0,93,93,
"Ford, G. and J. Casey. 2013. MMS Ship survey, SCB 1975-1978. Data downloaded from OBIS-SEAMAP (http://seamap.env.duke.edu/dataset/52) on yyyy-mm-dd. https://doi.org/10.15468/7h8x5f accessed via GBIF.org on 2022-07-07.",CC BY-NC 4.0,92,92,https://doi.org/10.15468/7h8x5f
"Serrano, A. 2011. Cetacean diversity, distribution, and abundance in northern Veracruz, Mexico. Data downloaded from OBIS-SEAMAP (http://seamap.env.duke.edu/dataset/530) on yyyy-mm-dd. https://doi.org/10.15468/26bu9f accessed via GBIF.org on 2022-07-07.",CC BY-NC 4.0,90,90,https://doi.org/10.15468/26bu9f
"Dunn, C. 2006. Bahamas Marine Mammal Research Organisation Strandings. Data downloaded from OBIS-SEAMAP (http://seamap.env.duke.edu/dataset/327) on yyyy-mm-dd. https://doi.org/10.15468/6bm9ap accessed via GBIF.org on 2022-07-07.",CC BY-NC 4.0,89,0,https://doi.org/10.15468/6bm9ap
"León P. L., V. Z. A. Ávila. 2012. Actualización de la base de datos de la Colección de mamíferos del Museo de Zoología 'Alfonso L. Herrera'. Colección Maztozoológica MZFC. Facultad de Ciencias. Universidad Nacional Autónoma de México. Bases de datos SNIB-CONABIO, proyectos EC010, J123, M099, B002 y H160. México, D. F.",CC BY 4.0,89,89,
iNaturalistMX. Disponible en https://mexico.inaturalist.org. Acceso 16 de febrero de 2024,CC BY-SA 4.0,89,89,
"Acevedo-Charry O, Borja-Acosta K (2021). Mamíferos del municipio El Carmen de Chucurí, Santander - Proyecto Santander BIO. Version 3.2. Instituto de Investigación de Recursos Biológicos Alexander von Humboldt. Occurrence dataset https://doi.org/10.15472/xaoxsq accessed via GBIF.org on 2022-07-07.",CC BY-NC 4.0,88,0,https://doi.org/10.15472/xaoxsq
"Pedraza A, Ingenieros Consultores (2022). Biodiversidad en la Central Térmica Cartagena. Enel Colombia. Occurrence dataset https://doi.org/10.15472/nqofdu accessed via GBIF.org on 2022-07-07.",CC BY-NC 4.0,88,0,https://doi.org/10.15472/nqofdu
Barrera Zambrano V A (2018). Línea base biótica del proyecto de Restauración Ecológica Re-Viva La Primavera. Asociación de Becarios del Casanare. Occurrence dataset https://doi.org/10.15472/edexax accessed via GBIF.org on 2022-07-07.,CC BY-NC 4.0,84,0,https://doi.org/10.15472/edexax
"Delgado Chaves A F, Cabrera Ojeda C D, Lasso Lasso L G (2022). Caracterización de la diversidad de mamíferos del Parque Tecnológico Ambiental Antanas (PTAA), Pasto - Nariño. Asociación GAICA. Occurrence dataset https://doi.org/10.15472/wdybxt accessed via GBIF.org on 2022-07-07.",CC BY-NC 4.0,84,0,https://doi.org/10.15472/wdybxt
"Morales Martínez D, Herrera-Collazos E E (2018). Murciélagos observados en la transición Andino Amazónica del departamento del Caquetá - Proyecto Colombia BIO. Version 1.3. Instituto Amazónico de Investigaciones Científicas - SINCHI. Occurrence dataset https://doi.org/10.15472/mbi1ev accessed via GBIF.org on 2022-07-07.",CC BY 4.0,84,0,https://doi.org/10.15472/mbi1ev
"Bessesen, B. 2011. Multi-species marine sighting survey in Golfo Dulce, Costa Rica, Jan-Feb 2010. Data downloaded from OBIS-SEAMAP (http://seamap.env.duke.edu/dataset/708) on yyyy-mm-dd. https://doi.org/10.15468/9jk67z accessed via GBIF.org on 2022-07-07.",CC BY-NC 4.0,83,0,https://doi.org/10.15468/9jk67z
"Morales-Vela B., B. Prado y C. Pozo. 2016. Fortalecimiento de las colecciones de ECOSUR. Primera fase. El Colegio de la Frontera Sur. Bases de datos SNIB-CONABIO (colección de mamíferos marinos de Chetumal), proyectos ME006, P028 y B114. Ciudad de México",CC BY 4.0,81,81,
"Miranda Cortes L M, Ávila R C (2021). Caracterización y monitoreo de fauna silvestre  en el área de influencia directa de Hidrocasanare- Yopal del 2014 a 2017. Version 1.2. Cunaguaro Consultores LTDA. Occurrence dataset https://doi.org/10.15472/jao8al accessed via GBIF.org on 2022-07-07.",CC BY-NC 4.0,80,0,https://doi.org/10.15472/jao8al
"Guzmán D C, Rodriguez Penagos G A, Roncancio Duque N J, Velez Vanegas L A (2021). Monitoreo de la ocupación de la Danta de montaña (Tapirus pinchaque) en el Parque Nacional Natural Las Hermosas Gloria Castaño de Valencia para 2017 y 2018. Version 1.1. Parques Nacionales Naturales de Colombia. Sampling event dataset https://doi.org/10.15472/dkbvv4 accessed via GBIF.org on 2022-07-07.",CC BY-NC 4.0,78,0,https://doi.org/10.15472/dkbvv4
"Alviz Á, Pérez-Albarracín K (2018). Caracterización de fauna para el establecimiento de nuevas Reservas Naturales de la Sociedad Civil en Arauca. Fundación Orinoquia Biodiversa (FOB). Occurrence dataset https://doi.org/10.15472/n2c9up accessed via GBIF.org on 2022-07-07.",CC0 1.0,77,0,https://doi.org/10.15472/n2c9up
"Ruano Meneses L A, Velasco N, Perez Castillo K, Velasco N (2021). Fauna de la Reserva Forestal Protectora Natural Quebrada Valenzuela  bajo el Convenio Interadmisnitrativo No 0018 celebrado entre CVC-INCIVA. Instituto para la Investigación y la Preservación del Patrimonio Cultural y Natural del Valle del Cauca - INCIVA. Occurrence dataset https://doi.org/10.15472/okipnh accessed via GBIF.org on 2022-07-07.",CC BY-NC 4.0,77,0,https://doi.org/10.15472/okipnh
"Martínez-Quintero J, Velasquez Roa T, Ortiz-navia J O (2022). Fauna y flora asociada al plan de manejo del Parque Natural Regional El Vinculo, municipio Guadalajara de Buga, Valle del Cauca. Version 1.3. Instituto para la Investigación y la Preservación del Patrimonio Cultural y Natural del Valle del Cauca - INCIVA. Occurrence dataset https://doi.org/10.15472/seomnb accessed via GBIF.org on 2022-07-07.",CC BY 4.0,76,0,https://doi.org/10.15472/seomnb
"Dueñas Cepeda J A, Gutierrez Triana L A (2021). Monitoreo de fauna silvestre en el Proyecto Vial 4G Bucaramanga-Barrancabermeja-Yondó (BBY). Version 1.2. Biotica Consultores Ltda. Occurrence dataset https://doi.org/10.15472/e3eljx accessed via GBIF.org on 2022-07-07.",CC BY-NC 4.0,75,0,https://doi.org/10.15472/e3eljx
"Bermúdez Vera J C, Méndez Vargas E, Salazar Marín M C (2018). Registros biológicos de predios promocionados como Reservas Naturales de la Sociedad Civil-RNSC en el Cañón de Amaime, municipio El Cerrito, Valle del Cauca, Colombia.. Version 2.2. CVC - Corporación Autónoma Regional del Valle del Cauca. Occurrence dataset https://doi.org/10.15472/91onjh accessed via GBIF.org on 2022-07-07.",CC BY-NC 4.0,74,0,https://doi.org/10.15472/91onjh
"Cuarón-Orozco A. D. 2001. Determinantes ambientales de la abundancia de vertebrados terrestres en la región Lacandona: Primera fase. Instituto de Ecología. Universidad Nacional Autónoma de México. Bases de datos SNIB-CONABIO, proyecto R062. México, D. F.",CC BY 4.0,74,74,
Queensland Museum (2021). Queensland Museum provider for OZCAM. Occurrence dataset https://doi.org/10.15468/lotsye accessed via GBIF.org on 2022-07-07.,CC BY 4.0,74,40,https://doi.org/10.15468/lotsye
"Villegas M, Moreno J S (2021). Monitoreo y seguimiento de fauna terrestre para el AID y AII de la  Central Hidráulica de Calima. 2018. Version 1.1. Corporación Paisajes Rurales. Occurrence dataset https://doi.org/10.15472/edwl8t accessed via GBIF.org on 2022-07-07.",CC BY-NC 4.0,74,0,https://doi.org/10.15472/edwl8t
"Galvis G, Galvis G (2019). Caracterización biológica de la ventana de biodiversidad del Complejo Cenagoso de Zapatosa, Municipio de Chimichagua, Cesar, Colombia. Version 1.2. Instituto de Investigación de Recursos Biológicos Alexander von Humboldt. Occurrence dataset https://doi.org/10.15472/y7tcpn accessed via GBIF.org on 2022-07-07.",CC BY-NC 4.0,73,0,https://doi.org/10.15472/y7tcpn
"Garrison, L. 2013. SEFSC Caribbean Survey 2000. Data downloaded from OBIS-SEAMAP (http://seamap.env.duke.edu/dataset/7) on yyyy-mm-dd. https://doi.org/10.15468/7qwxqj accessed via GBIF.org on 2022-07-07.",CC BY-NC 4.0,72,0,https://doi.org/10.15468/7qwxqj
"Martinez S (2019). Monitoreo participativo de fauna presente en Bosque Seco de los departamentos de Bolivar, Huila y La guajira. Instituto de Investigación de Recursos Biológicos Alexander von Humboldt. Occurrence dataset https://doi.org/10.15472/wvrh3w accessed via GBIF.org on 2022-07-07.",CC BY-NC 4.0,72,0,https://doi.org/10.15472/wvrh3w
Opitz C (2020). SUI Vertebrate Collection. Version 6.1. University of Iowa Museum of Natural History. Occurrence dataset https://doi.org/10.15468/xpsbyo accessed via GBIF.org on 2022-07-07.,CC0 1.0,72,62,https://doi.org/10.15468/xpsbyo
"Sierra Paz S, Caceres Franco A D P (2022). Mamíferos en el Ecoparque Pance - Cali, Fase I y II Proceso de declaratoria de un área protegida de carácter público. Version 2.4. Corporación para la gestión ambiental Biodiversa. Occurrence dataset https://doi.org/10.15472/uty1md accessed via GBIF.org on 2022-07-07.",CC BY-NC 4.0,72,0,https://doi.org/10.15472/uty1md
"Gerrodette, T. 2004. SWFSC Marine Mammal Survey, MOPS 1989, Cruise 1268. Data downloaded from OBIS-SEAMAP (http://seamap.env.duke.edu/dataset/201) on yyyy-mm-dd. https://doi.org/10.15468/d2v766 accessed via GBIF.org on 2022-07-07.",CC BY-NC 4.0,70,37,https://doi.org/10.15468/d2v766
"Rojas V, Quintana Vargas A (2021). Mamíferos de la desembocadura del caño Teracay en el río Tomo, Puerto Carreño, Vichada - Proyecto Colombia Bio. Version 1.5. Instituto de Investigación de Recursos Biológicos Alexander von Humboldt. Occurrence dataset https://doi.org/10.15472/lizp01 accessed via GBIF.org on 2022-07-07.",CC BY-NC 4.0,70,0,https://doi.org/10.15472/lizp01
"Villegas M, Lozano Zambrano F H (2018). Monitoreo y seguimiento de fauna terrestre para el AID y AII de la  Central Hidroeléctrica de Calima. 2017-B.. Corporación Paisajes Rurales. Occurrence dataset https://doi.org/10.15472/fjek7t accessed via GBIF.org on 2022-07-07.",CC BY 4.0,70,0,https://doi.org/10.15472/fjek7t
"Navarro-Sigüenza A. G. y J. A. Meave-de Castillo. 1998. Inventario de la biodiversidad de vertebrados terrestres de los Chimalapas, Oaxaca. Facultad de Ciencias. Universidad Nacional Autónoma de México. Bases de datos SNIB-CONABIO (vertebrados y plantas), proyecto B002. México, D. F.",CC BY 4.0,68,68,
"Barrera Zambrano V A (2018). Inventario Murciélagos Finca Naranjito, Aracal, Yopal, Casanare. Version 2.5. Asociación de Becarios del Casanare. Occurrence dataset https://doi.org/10.15472/bohqlu accessed via GBIF.org on 2022-07-07.",CC BY-NC 4.0,67,0,https://doi.org/10.15472/bohqlu
"Galvis G, Galvis G (2017). Tejidos colectados en la ventana de biodiversidad del Complejo Cenagoso de Zapatosa, Municipio de Chimichagua, Cesar, Colombia.. Version 1.1. Instituto de Investigación de Recursos Biológicos Alexander von Humboldt. Occurrence dataset https://doi.org/10.15472/xzls5x accessed via GBIF.org on 2022-07-07.",CC BY-NC 4.0,67,0,https://doi.org/10.15472/xzls5x
Natural History Museum (2024). Natural History Museum (London) Collection Specimens. Occurrence dataset https://doi.org/10.5519/qd.k6hd6rqe accessed via GBIF.org on 2024-07-31.,CC0 1.0,67,0,https://doi.org/10.5519/qd.k6hd6rqe
"Quesada Lara J, Agulló Villaronga J (2022). Museu de Ciències Naturals de Barcelona: MCNB-Cord. Museu de Ciències Naturals de Barcelona. Occurrence dataset https://doi.org/10.15468/yta7zj accessed via GBIF.org on 2022-07-07.",CC BY 4.0,67,2,https://doi.org/10.15468/yta7zj
"Moreno Santoyo E. 2020. Proyecto de Licuefacción de Gas Natural en Energía Costa Azul. ECA Liquefaction S. de R.L. de C.V. Ensenada, BC. México. Bases de datos SNIB-CONABIO (fauna-recaptura), proyecto Z069. Ciudad de México",CC BY 4.0,66,66,
"Villegas M, Moreno J (2019). Monitoreo y seguimiento de fauna silvestre terrestre para el AID y AII de la Central Hidráulica Cucuana. 2018-IIS. Corporación Paisajes Rurales. Occurrence dataset https://doi.org/10.15472/md59z2 accessed via GBIF.org on 2022-07-07.",CC BY-NC 4.0,66,0,https://doi.org/10.15472/md59z2
"García Morera Y, Yépes Pérez E, Rivera Prieto D, Patiño E (2019). Inventario de Fauna vertebrada de la Reserva Forestal Protectora Regional Cuchillas del Tigre, El Calón y La Osa. Municipios de San Francisco y Sonsón-Antioquia.. Version 2.1. CORNARE - Corporación Autónoma Regional de las cuencas de los ríos Negro y Nare. Sampling event dataset https://doi.org/10.15472/qdsqdz accessed via GBIF.org on 2022-07-07.",CC BY 4.0,65,0,https://doi.org/10.15472/qdsqdz
"Guzmán D C, Roncancio Duque N J, Rodriguez Penagos G A, Velez Vanegas L A (2021). Monitoreo de la ocupación del Oso de antejoso (Tremarctos ornatus) en el Parque Nacional Natural Las Hermosas Gloria Castaño de Valencia para 2017 y 2018. Version 1.1. Parques Nacionales Naturales de Colombia. Sampling event dataset https://doi.org/10.15472/uoz9tg accessed via GBIF.org on 2022-07-07.",CC BY-NC 4.0,65,0,https://doi.org/10.15472/uoz9tg
"Peña Alzáte F Á, Peñuela M, Angarita J, Capojo J, Gómez L, Cobete T, Peñuela Gómez S M (2020). La Paya, censo rápido de la fauna de Jirijiri. Parques Nacionales Naturales de Colombia. Occurrence dataset https://doi.org/10.15472/9okivl accessed via GBIF.org on 2022-07-07.",CC BY 4.0,65,0,https://doi.org/10.15472/9okivl
"Ballance L, Moore J, OBIS-SEAMAP (2022). SWFSC Marine Mammal Survey, STAR 1999, Cruise 1614. Version 2.0. OBIS-SEAMAP. Occurrence dataset https://doi.org/10.15468/pxujws accessed via GBIF.org on 2024-07-31.",CC BY-NC 4.0,64,0,https://doi.org/10.15468/pxujws
"Gerrodette, T. 2004. SWFSC Marine Mammal Survey, MOPS 1989, Cruise 1267. Data downloaded from OBIS-SEAMAP (http://seamap.env.duke.edu/dataset/199) on yyyy-mm-dd. https://doi.org/10.15468/yfm374 accessed via GBIF.org on 2024-07-31.",CC BY-NC 4.0,64,0,https://doi.org/10.15468/yfm374
"Valderrama Arcila C H, Pérez Medina S (2019). Caracterización biológica de la ventana de biodiversidad enclave Atuncela, municipio de Dagua, Valle del Cauca. Version 1.3. Instituto de Investigación de Recursos Biológicos Alexander von Humboldt. Occurrence dataset https://doi.org/10.15472/sdkmfn accessed via GBIF.org on 2022-07-07.",CC BY-NC 4.0,64,0,https://doi.org/10.15472/sdkmfn
"Cortés-Calva P. 2015. El código de barras de las especies NOM-059 de mamíferos del Noroeste de México. Centro de Investigaciones Biológicas del Noroeste S. C. Bases de datos SNIB-CONABIO, proyecto HB005. México, D. F.",CC BY 4.0,63,63,
"González-Cózatl F. X. 2014. Modelado de la distribución geográfica de especies de ratones endémicos de bosque mesófilo. Centro de Investigación en Biodiversidad y Conservación. Universidad Autónoma del Estado de Morelos. Bases de datos SNIB-CONABIO, proyecto JM043. México, D. F.",CC BY 4.0,63,30,
"Martínez-Quintero J, Velásquez Roa T, Ortiz-navia J O, Llano Almario M, Llano Almario M (2022). Fauna y flora asociada al plan de manejo del Parque Natural Regional Mateguadua, municipio de Tuluá, Valle del Cauca. Version 1.2. Instituto para la Investigación y la Preservación del Patrimonio Cultural y Natural del Valle del Cauca - INCIVA. Occurrence dataset https://doi.org/10.15472/fbefnk accessed via GBIF.org on 2022-07-07.",CC BY 4.0,63,0,https://doi.org/10.15472/fbefnk
"Serna Alzate G T, Velez Venegas L A (2021). Densidad poblacional de la Pava caucana, el Mono aullador y tres especies asociadas, para el Santuario de Fauna y Flora Otún Quimbaya en los años 2013 a 2016. Version 1.2. Parques Nacionales Naturales de Colombia. Sampling event dataset https://doi.org/10.15472/owqy9l accessed via GBIF.org on 2022-07-07.",CC BY-NC 4.0,62,0,https://doi.org/10.15472/owqy9l
"Bedoya Dorado I, Velez Venegas L A (2021). Monitoreo de la ocupación del Oso de anteojos (Tremarctos ornatus) en el Parque Nacional Natural Puracé para 2016. Version 1.1. Parques Nacionales Naturales de Colombia. Sampling event dataset https://doi.org/10.15472/grkjcg accessed via GBIF.org on 2022-07-07.",CC BY-NC 4.0,61,0,https://doi.org/10.15472/grkjcg
"Sierra Paz S, Cáceres Franco A D P (2022). Mamíferos de dos procesos para la conservación de relictos de bosque seco de la cuenca media – baja del Río Meléndez para la declaratoria de un Área Protegida Pública y para la Consolidación del SIMAP y fondo del agua de Cali. Version 2.3. Corporación para la gestión ambiental Biodiversa. Occurrence dataset https://doi.org/10.15472/niljzd accessed via GBIF.org on 2022-07-07.",CC BY-NC 4.0,60,0,https://doi.org/10.15472/niljzd
Demboski J (2022). DMNS Mammal Collection (Arctos). Version 34.63. Denver Museum of Nature & Science. Occurrence dataset https://doi.org/10.15468/bqvk9g accessed via GBIF.org on 2022-07-07.,CC BY-NC 4.0,59,0,https://doi.org/10.15468/bqvk9g
"Tir J, Cassidy K (2025). Washington State University, Charles R. Conner Museum Mammal Specimens (Arctos). Version 1.13. Charles R. Conner Museum. Occurrence dataset https://doi.org/10.15468/75jmhs accessed via GBIF.org on 2025-09-01.",CC BY-NC 4.0,59,59,https://doi.org/10.15468/75jmhs
CONABIO. 2019. Naturalista. Comisión Nacional para el Conocimiento y Uso de la Biodiversidad (CONABIO). Bases de datos SNIB-CONABIO. Ciudad de México,CC BY-ND 4.0,58,58,
"Nelson D, Johnson N (2018). Borror Lab of Bioacoustics (BLB), Ohio State University. Version 84.36. Museum of Biological Diversity, The Ohio State University. Occurrence dataset https://doi.org/10.15468/wyz5x9 accessed via GBIF.org on 2022-07-07.",CC0 1.0,58,29,https://doi.org/10.15468/wyz5x9
Ramírez B (2018). Mamíferos laguna El Tinije. Version 7.2. Asociación de Becarios del Casanare. Occurrence dataset https://doi.org/10.15472/qfzte0 accessed via GBIF.org on 2022-07-07.,CC0 1.0,58,0,https://doi.org/10.15472/qfzte0
"Arévalo M, Hoyos A (2022). Colección biológica viva de primates monos nocturnos (Aotus l. griseimembra) - FUCEP- Valle del Cauca - Cali. Version 1.1. Fundación Centro de Primates. Occurrence dataset https://doi.org/10.15472/hzfgzf accessed via GBIF.org on 2022-07-07.",CC BY-NC 4.0,57,0,https://doi.org/10.15472/hzfgzf
"Villegas M, Moreno J (2019). Monitoreo y seguimiento de fauna silvestre terrestre para el AID y AII de la Central Hidráulica Cucuana. 2018-IS. Corporación Paisajes Rurales. Occurrence dataset https://doi.org/10.15472/psmhaz accessed via GBIF.org on 2022-07-07.",CC BY-NC 4.0,57,0,https://doi.org/10.15472/psmhaz
"Bermudez Diaz M, Veloza T, Campo Carey S, Fajardo Gómez A, Cordero Parada L Z, Cáceres Franco A D P, Borrero Álvarez A, Cortes Diago A, Montañez D, Mejía S (2021). Biodiversidad asociada al gasoducto Loop Mamonal-Paiva. Version 1.1. Promigas S.A E.S.P. Occurrence dataset https://doi.org/10.15472/nr4cgq accessed via GBIF.org on 2022-07-07.",CC BY-NC 4.0,56,0,https://doi.org/10.15472/nr4cgq
Norton B (2021). NCSM Mammalogy Collection. Version 18.2. North Carolina State Museum of Natural Sciences. Occurrence dataset https://doi.org/10.36102/dwc.5 accessed via GBIF.org on 2022-07-07.,CC0 1.0,56,15,https://doi.org/10.36102/dwc.5
"Bohorquez Rodriguez J S, Lasso Alcala C A, Morales Betancourt M A (2018). Fauna de Caño Cristales, Sierra de La Macarena, Meta - Colombia. Cormacarena - Corporación para el Desarrollo Sostenible del área de Manejo Especial La Macarena. Occurrence dataset https://doi.org/10.15472/jebhjk accessed via GBIF.org on 2022-07-07.",CC BY 4.0,54,0,https://doi.org/10.15472/jebhjk
"Holst, M., O. Lee and H. Smith. 2014. Lamont-Doherty/LGL/NSF cruises. Data downloaded from OBIS-SEAMAP (http://seamap.env.duke.edu/dataset/511) on yyyy-mm-dd. https://doi.org/10.15468/g27yv2 accessed via GBIF.org on 2022-07-07.",CC BY 4.0,54,0,https://doi.org/10.15468/g27yv2
"Khidas K, Torgersen J (2022). Canadian Museum of Nature Mammal Collection. Version 1.120. Canadian Museum of Nature. Occurrence dataset https://doi.org/10.15468/okgapc accessed via GBIF.org on 2022-07-07.",CC BY 4.0,54,6,https://doi.org/10.15468/okgapc
"Mora C, Rodríguez M (2021). Tejidos colectados en la caracterización biótica para la conservación de especies amenazadas en el área de influencia del Oleoducto Bicentenario, departamentos de Arauca y Casanare, Colombia. Version 1.1. Instituto de Investigación de Recursos Biológicos Alexander von Humboldt. Occurrence dataset https://doi.org/10.15472/w6iimu accessed via GBIF.org on 2022-07-07.",CC BY-NC 4.0,54,0,https://doi.org/10.15472/w6iimu
"UNIBIO, IBUNAM. CNMA/Colección Nacional de mamíferos. Occurrence dataset https://doi.org/10.15468/rchosl accessed via GBIF.org on 2022-07-07.",CC BY-NC 4.0,54,0,https://doi.org/10.15468/rchosl
"Gerrodette, T. 2004. SWFSC Marine Mammal Survey, MOPS 1988, Cruise 1165. Data downloaded from OBIS-SEAMAP (http://seamap.env.duke.edu/dataset/197) on yyyy-mm-dd. https://doi.org/10.15468/82cdnt accessed via GBIF.org on 2022-07-07.",CC BY-NC 4.0,53,12,https://doi.org/10.15468/82cdnt
"Gerrodette, T. 2004. SWFSC Marine Mammal Survey, MOPS 1990, Cruise 1370. Data downloaded from OBIS-SEAMAP (http://seamap.env.duke.edu/dataset/205) on yyyy-mm-dd. https://doi.org/10.15468/g6gsk9 accessed via GBIF.org on 2022-07-07.",CC BY-NC 4.0,53,14,https://doi.org/10.15468/g6gsk9
"Aguilar M. y L. Moreno. 2022. Colección biológica de COESBIOH, Hidalgo. Comisión Estatal de Biodiversidad de Hidalgo, COESBIOH. Bases de datos SNIB-CONABIO, proyecto Z066. Ciudad de México",CC BY 4.0,52,52,
CONABIO. 2022. Naturalista. Comisión Nacional para el Conocimiento y Uso de la Biodiversidad (CONABIO). Bases de datos SNIB-CONABIO. Ciudad de México,CC BY-ND 4.0,52,52,
"Corredor Coy V, Valencia Zapata D C, Valencia Ramirez V E (2019). Registros de especies focales de fauna, Departamento del Quindío. CRQ - Corporación Autónoma Regional del Quindío. Occurrence dataset https://doi.org/10.15472/gdaxwl accessed via GBIF.org on 2022-07-07.",CC0 1.0,52,0,https://doi.org/10.15472/gdaxwl
"Martínez-Quintero J, Velásquez Roa T, Ortiz-navia J O, Llano Almario M, Velásquez Rooa T (2022). Fauna y Flora asociada al plan de manejo de la Reserva Forestal Protectora Regional La Albania, municipio de Yotoco, Valle del Cauca. Version 1.1. Instituto para la Investigación y la Preservación del Patrimonio Cultural y Natural del Valle del Cauca - INCIVA. Occurrence dataset https://doi.org/10.15472/kgtlrj accessed via GBIF.org on 2022-07-07.",CC BY 4.0,52,0,https://doi.org/10.15472/kgtlrj
"Arango Gutierrez E R, Valencia Escobar G A (2021). Validación con cámaras trampa del análisis de conectividad realizado para el proyecto Minera de Cobre Quebradona, municipio de Jericó. Version 1.2. AngloGold Ashanti Colombia S.A.S. Occurrence dataset https://doi.org/10.15472/pmbyxe accessed via GBIF.org on 2022-07-07.",CC BY-NC 4.0,51,0,https://doi.org/10.15472/pmbyxe
"Ballance L, Moore J, OBIS-SEAMAP (2022). SWFSC Marine Mammal Survey, STAR 1998, Cruise 1612. Version 2.0. OBIS-SEAMAP. Occurrence dataset https://doi.org/10.15468/ms8tfw accessed via GBIF.org on 2024-07-31.",CC BY-NC 4.0,51,0,https://doi.org/10.15468/ms8tfw
Valencia L M (2021). Tití Gris (Saguinus leucopus) en remanentes de bosque de los departamentos de Caldas y Antioquia. Version 2.1. Asociación Primatológica Colombiana. Occurrence dataset https://doi.org/10.15472/hqsgcu accessed via GBIF.org on 2022-07-07.,CC BY 4.0,51,0,https://doi.org/10.15472/hqsgcu
"von Hildebrand P, Molina E, Cárdenas D, Mejía G, Meneses A, Fagua G, Urbano A, Rojas V (2020). Inventario de flora, avifauna, mamíferos, mariposas y peces realizado en el sector de Puerto Abeja y durante la expedición científica en la ventana Mesay en el sector sur del Parque Nacional Natural Serranía de Chiribiquete. Parques Nacionales Naturales de Colombia. Occurrence dataset https://doi.org/10.15472/1utybp accessed via GBIF.org on 2022-07-07.",CC BY 4.0,51,0,https://doi.org/10.15472/1utybp
"Camargo G, Calderón M J, Cárdenas J, Maclennan J S, Fernández J J, Laguado Y A, Silva Tavera D F, Cáceres P, Rodríguez D R, Villamizar D, Cortés Cano J S, Ríos J A, Burgos C, Parada Rendón J J, Ríos I, Avila Pinto Y N, Payares M, Peña P, Peña N, Pérez S A, Bautista S, Torres J P, Blanquicett N, Calderon Jaimes J A, Guerrero D, Figueroa L A, Valderrama S, Torre Alba L, Aparicio J S, Caballero A. D V (2021). Monitoreo de especies endémicas y amenazadas del área de influencia de las vías sustitutivas Central Hidroeléctrica Sogamoso. Version 1.1. ISAGEN S.A. E.S.P.. Occurrence dataset https://doi.org/10.15472/mxvf3c accessed via GBIF.org on 2022-07-07.",CC BY-NC 4.0,50,0,https://doi.org/10.15472/mxvf3c
"Ecopetrol S.A., Concol by WSP (2021). Biodiversidad asociada al Estudio de Impacto Ambiental del campo de producción Cumanday. Ecopetrol S.A.. Occurrence dataset https://doi.org/10.15472/4m7bbz accessed via GBIF.org on 2022-07-07.",CC BY-NC 4.0,50,0,https://doi.org/10.15472/4m7bbz
"MNHN, Chagnoux S (2022). The mammals collection (ZM) of the Muséum national d'Histoire naturelle (MNHN - Paris). Version 43.268. MNHN - Museum national d'Histoire naturelle. Occurrence dataset https://doi.org/10.15468/j0xw9i accessed via GBIF.org on 2022-07-07.",CC BY 4.0,50,8,https://doi.org/10.15468/j0xw9i
CONABIO. 2022. Naturalista. Comisión Nacional para el Conocimiento y Uso de la Biodiversidad (CONABIO). Bases de datos SNIB-CONABIO. Ciudad de México,CC0 1.0,49,46,
"Ward, J. 2013. DECAF - AUTEC Sperm Whales - Multiple Sensors - Samples. Data downloaded from OBIS-SEAMAP (http://seamap.env.duke.edu/dataset/680) on yyyy-mm-dd. https://doi.org/10.15468/nrskvn accessed via GBIF.org on 2022-07-07.",CC BY 4.0,49,0,https://doi.org/10.15468/nrskvn
"Bravo-Marentes C. 1999. Inventario nacional de especies vegetales y animales de uso artesanal. Asociación Mexicana de Arte y Cultura Popular A. C. Bases de datos SNIB-CONABIO, proyecto J002. México, D. F.",CC BY 4.0,48,48,
CONABIO. 2023. Naturalista. Comisión Nacional para el Conocimiento y Uso de la Biodiversidad (CONABIO). Bases de datos SNIB-CONABIO. Ciudad de México,CC BY-ND 4.0,48,48,
"Trujillo Gonzales F (2018). Mamiferos de la cuenca alta y media del río Bita, Vichada (Colombia). Instituto de Investigación de Recursos Biológicos Alexander von Humboldt. Occurrence dataset https://doi.org/10.15472/z7snik accessed via GBIF.org on 2022-07-07.",CC BY-NC 4.0,48,0,https://doi.org/10.15472/z7snik
"Villegas M A, Villegas M (2017). Establecimiento de la Línea Base para el monitoreo y seguimiento de fauna terrestre para el AID y AII de la Central Hidroeléctrica Cucuana. 2017- A. Version 1.2. Corporación Paisajes Rurales. Occurrence dataset https://doi.org/10.15472/vkyt2v accessed via GBIF.org on 2022-07-07.",CC BY-NC 4.0,48,0,https://doi.org/10.15472/vkyt2v
"Bolanos J, Blumenthal J, Bogomolni A, Casas J J, Ferrer G R, Henriquez A, Iniguez M, Khan J, Landrau N, Luksenburg J, Mignucci-Giannoni A, Rinaldi C, Sutty L, Ward N, OBIS-SEAMAP (2021). Killer whales of the Caribbean Sea 1866-2012. OBIS-SEAMAP. Occurrence dataset https://doi.org/10.15468/3nx6uy accessed via GBIF.org on 2022-07-07.",CC BY 4.0,47,0,https://doi.org/10.15468/3nx6uy
"Bonilla Urrutia N S, Rentería Moreno L E (2021). Registros de la mastofauna asociada a la ciénaga de montaño, Carmen del Darién, 2020. Instituto de Investigaciones Ambientales del Pacífico John Von Neumann - IIAP. Occurrence dataset https://doi.org/10.15472/xelily accessed via GBIF.org on 2022-07-07.",CC BY-NC 4.0,47,0,https://doi.org/10.15472/xelily
Happywhale. 2021. Happywhale - Killer Whale in North Pacific Ocean. Data downloaded from OBIS-SEAMAP (http://seamap.env.duke.edu/dataset/1718) on yyyy-mm-dd originated from Happywhale.com. https://doi.org/10.15468/t887xq accessed via GBIF.org on 2022-07-07.,CC0 1.0,47,47,https://doi.org/10.15468/t887xq
"Nuñez G, Nuñez Zabala G (2021). Distribución de la Nutria (Lontra longicaudis) en la cuenca baja del río Sinú en el departamento de Córdoba. Version 1.2. CVS - Corporación Autónoma Regional de los Valles del Sinú y del San Jorge-. Occurrence dataset https://doi.org/10.15472/gxb1dr accessed via GBIF.org on 2022-07-07.",CC BY 4.0,47,0,https://doi.org/10.15472/gxb1dr
"Aguirre Franco V A, Benitez Forero F, Cañon Pacheco M E, Carreño Cadeda A M, Carvajar Granada L, Castellanos Ortegon Y V, Castro Villani J V, Cote Castellanos P V, España Beltran M, Espinosa Patarroyo L V, Forero Montero L P, Gamez Duran C J, Giraldo Caicedo J N, Gomez Grisales D, Gomez Niño L C, Hernandez Hernandez C, Herrera Cruz G, Jaime Liscano L A, Jaimes Bermudez L, López Romero M F, Mariño Mendez D V, Mazabel Calderon L Y, Molina Suta N, Mora Duarte J P, Muñoz Salgado L P, Nuñez Rodriguez P E, Perez Rojas J M, Redondo Aguilar A D, Reyes Castro Y J, Rodriguez Mendoza C A, Rodriguez Torres M A, Romero Figueroa B A, Sanabria Rivas D, Tao Murcia E A, Torres Arias J E, Torres León S A, Martinelli Marin R D, Castillo Velandia D R, Rodriguez Saavedra V, Universidad El Bosque M D C (2020). Registros de fauna en el bosque seco tropical en la zona de amortiguación del Parque Nacional Natural Tayrona, Santa Marta, Colombia. Version 1.1. Universidad El Bosque. Occurrence dataset https://doi.org/10.15472/ktwos0 accessed via GBIF.org on 2022-07-07.",CC BY 4.0,46,0,https://doi.org/10.15472/ktwos0
"Morales D, Herrera-Collazos E E (2018). Mamíferos colectados en la transición Andino-Amazónica del  departamento del Caquetá - Proyecto Colombia BIO. Version 2.5. Instituto Amazónico de Investigaciones Científicas - SINCHI. Occurrence dataset https://doi.org/10.15472/gj4y0z accessed via GBIF.org on 2022-07-07.",CC BY-NC 4.0,45,0,https://doi.org/10.15472/gj4y0z
"Cruz Moncada M (2021). Mamíferos pequeños en el municipio de Medina, Cundinamarca - Proyecto Colombia Bio. Version 1.2. Instituto de Investigación de Recursos Biológicos Alexander von Humboldt. Occurrence dataset https://doi.org/10.15472/fljzn1 accessed via GBIF.org on 2022-07-07.",CC BY-NC 4.0,44,0,https://doi.org/10.15472/fljzn1
"Ecopetrol. S.A., Instituto de Investigación de Recursos Biológicos Alexander von Humboldt (2022). Mamíferos de la Ecoreserva CPF Cupiagua (Aguazul, Casanare) - Proyecto FIBRAS. Version 1.5. Instituto de Investigación de Recursos Biológicos Alexander von Humboldt. Occurrence dataset https://doi.org/10.15472/p9nf96 accessed via GBIF.org on 2022-07-07.",CC BY-NC 4.0,44,0,https://doi.org/10.15472/p9nf96
"González M, Infraestructura Institucional de Datos (2021). Tejidos de ejemplares colectados en el Páramo de Chingaza - Proyecto Colombia Bio. Version 1.3. Instituto de Investigación de Recursos Biológicos Alexander von Humboldt. Occurrence dataset https://doi.org/10.15472/g6c25v accessed via GBIF.org on 2022-07-07.",CC BY-NC 4.0,44,0,https://doi.org/10.15472/g6c25v
Happywhale. 2021. Happywhale - Blue Whale in North Pacific Ocean. Data downloaded from OBIS-SEAMAP (http://seamap.env.duke.edu/dataset/1758) on yyyy-mm-dd originated from Happywhale.com. https://doi.org/10.15468/pg4rxy accessed via GBIF.org on 2022-07-07.,CC0 1.0,44,44,https://doi.org/10.15468/pg4rxy
"Ballance L, Moore J, OBIS-SEAMAP (2022). SWFSC Marine Mammal Survey, STAR 1998, Cruise 1611. Version 2.0. OBIS-SEAMAP. Occurrence dataset https://doi.org/10.15468/hjwgme accessed via GBIF.org on 2022-07-07.",CC BY-NC 4.0,43,43,https://doi.org/10.15468/hjwgme
"Barrera Zambrano V A (2018). Inventarios de Murciélagos de la Microcuenca de la Quebrada Agua Blanca, Vereda Marroquín, Yopal, Casanare. Version 2.5. Asociación de Becarios del Casanare. Occurrence dataset https://doi.org/10.15472/4nnx8h accessed via GBIF.org on 2022-07-07.",CC BY-NC 4.0,43,0,https://doi.org/10.15472/4nnx8h
"Díaz Cárdenas J J, CORPOGUAVIO C A R D G (2019). Registro de Fauna en Áreas Protegidas de la jurisdicción de CORPOGUAVIO para la formulación y actualización de Planes de Manejo. Corpoguavio - Corporación Autónoma Regional del Guavio. Occurrence dataset https://doi.org/10.15472/ylrwal accessed via GBIF.org on 2022-07-07.",CC BY 4.0,43,0,https://doi.org/10.15472/ylrwal
Natural History Museum (2022). Natural History Museum (London) Collection Specimens. Occurrence dataset https://doi.org/10.5519/0002965 accessed via GBIF.org on 2022-07-07.,CC0 1.0,43,5,https://doi.org/10.5519/0002965
"Archer E, OBIS-SEAMAP (2022). SWFSC Marine Mammal Survey, STAR-LITE 2007, Cruise 1634. Version 1.8. OBIS-SEAMAP. Occurrence dataset https://doi.org/10.15468/35x77n accessed via GBIF.org on 2024-07-31.",CC BY-NC 4.0,42,0,https://doi.org/10.15468/35x77n
"Atuesta Dimian N, Herrera-Collazos E E (2018). Mamíferos medianos y grandes en la transición Andino-Amazónica del departamento del Caquetá - Proyecto Colombia BIO. Version 1.2. Instituto Amazónico de Investigaciones Científicas - SINCHI. Occurrence dataset https://doi.org/10.15472/uomrcg accessed via GBIF.org on 2022-07-07.",CC BY-NC 4.0,42,0,https://doi.org/10.15472/uomrcg
"Martínez-de la Vega G. 2007. Base de datos de la Colección zoológica del Instituto de Investigación de zonas desérticas de la Universidad Autónoma de San Luis Potosí (BDCZIID-UASLP). Colección IIZD. Instituto de Investigación de Zonas Desérticas. Universidad Autónoma de San Luis Potosí. Bases de datos SNIB-CONABIO, proyecto V047. México, D. F.",CC BY 4.0,42,42,
"BELTRÁN VERGARA D F, del Guavio-Corpoguavio C A R (2018). Seguimiento y monitoreo del oso andino en la jurisdicción de Corpoguavio. Corpoguavio - Corporación Autónoma Regional del Guavio. Occurrence dataset https://doi.org/10.15472/jzvp68 accessed via GBIF.org on 2022-07-07.",CC BY 4.0,41,0,https://doi.org/10.15472/jzvp68
"Ballance L, Moore J, OBIS-SEAMAP (2022). SWFSC Marine Mammal Survey, STAR 2000, Cruise 1615. Version 2.0. OBIS-SEAMAP. Occurrence dataset https://doi.org/10.15468/ft4ubj accessed via GBIF.org on 2024-07-31.",CC BY-NC 4.0,41,0,https://doi.org/10.15468/ft4ubj
"Díaz-Cárdenas J J, CORPOGUAVIO C A R D G (2018). Caracterización de fauna para la formulación y actualización de Planes de Manejo Ambiental en la jurisdicción de Corpoguavio. Corpoguavio - Corporación Autónoma Regional del Guavio. Occurrence dataset https://doi.org/10.15472/pnvrom accessed via GBIF.org on 2022-07-07.",CC BY 4.0,41,0,https://doi.org/10.15472/pnvrom
"Ferro Muñoz L N, Arriaga Jaramillo F G, Martínez Gómez E J, Dueñas Cepeda J A (2021). Caracterización de la fauna y flora presente en los predios propuestos para el plan de restauración del distrito de conservación de suelos del cañon de rio grande (DCS-CRG), en el municipio de Dagua. Biotica Consultores Ltda. Occurrence dataset https://doi.org/10.15472/fnxe7d accessed via GBIF.org on 2022-07-07.",CC0 1.0,41,0,https://doi.org/10.15472/fnxe7d
"Blanco Vega D G, Cáceres Gómez L F (2019). Flora y fauna asociada al hábitat del Manatí antillano en la Ciénaga de Paredes, Magdalena Medio Santandereano. Version 4.2. Cabildo Verde de Sabana de Torres. Occurrence dataset https://doi.org/10.15472/kzn33x accessed via GBIF.org on 2022-07-07.",CC0 1.0,40,0,https://doi.org/10.15472/kzn33x
"Gerrodette, T. 2004. SWFSC Marine Mammal Survey, MOPS 1990, Cruise 1369. Data downloaded from OBIS-SEAMAP (http://seamap.env.duke.edu/dataset/203) on yyyy-mm-dd. https://doi.org/10.15468/gb838j accessed via GBIF.org on 2024-07-31.",CC BY-NC 4.0,40,0,https://doi.org/10.15468/gb838j
"Lasso Alcalá C, Quintana Vargas A (2021). Fauna asociada (endocárstica) a cuevas en el municipio de El Peñón, Santander - Proyecto Colombia BIO. Version 1.2. Instituto de Investigación de Recursos Biológicos Alexander von Humboldt. Occurrence dataset https://doi.org/10.15472/pfwebr accessed via GBIF.org on 2022-07-07.",CC BY-NC 4.0,40,0,https://doi.org/10.15472/pfwebr
Universidad del Valle de Guatemala (2022). Universidad del Valle de Guatemala - Colecciones Biológicas - Registros Fotográficos. Occurrence dataset https://doi.org/10.15468/pugfkw accessed via GBIF.org on 2022-07-07.,CC BY-NC 4.0,40,0,https://doi.org/10.15468/pugfkw
"Valderrama Arcila C H, Londoño Villegas A (2019). Caracterización biológica de la ventana de biodiversidad municipio de Filandia, Quindío, Colombia. Version 1.3. Instituto de Investigación de Recursos Biológicos Alexander von Humboldt. Occurrence dataset https://doi.org/10.15472/aps7cd accessed via GBIF.org on 2022-07-07.",CC BY-NC 4.0,40,0,https://doi.org/10.15472/aps7cd
"Gerrodette, T. 2004. SWFSC Marine Mammal Survey, MOPS 1986, Cruise 0989. Data downloaded from OBIS-SEAMAP (http://seamap.env.duke.edu/dataset/187) on yyyy-mm-dd. https://doi.org/10.15468/rkcsyn accessed via GBIF.org on 2024-07-31.",CC BY-NC 4.0,39,0,https://doi.org/10.15468/rkcsyn
"Martinez E, Carretero-Pinzón X (2021). Evaluación del estado poblacional del Mono Churuco en el Parque Amacayacu, periodo 2012 a 2017. Version 1.2. Parques Nacionales Naturales de Colombia. Sampling event dataset https://doi.org/10.15472/pahdyb accessed via GBIF.org on 2022-07-07.",CC BY-NC 4.0,39,0,https://doi.org/10.15472/pahdyb
Pulido Santacruz P (2021). Genética de la Conservación del Oso Andino en Los PNN del Subsistema de Áreas Protegidas Andes Occidentales de Colombia. Instituto de Investigación de Recursos Biológicos Alexander von Humboldt. Occurrence dataset https://doi.org/10.15472/278qrt accessed via GBIF.org on 2022-07-07.,CC BY-NC 4.0,39,0,https://doi.org/10.15472/278qrt
"Barrera Zambrano V A (2018). Inventario de Murciélagos Buena Vista, Jaramá, Yopal, Casanare. Version 2.1. Asociación de Becarios del Casanare. Occurrence dataset https://doi.org/10.15472/jtaf6v accessed via GBIF.org on 2022-07-07.",CC BY-NC 4.0,38,0,https://doi.org/10.15472/jtaf6v
"González C, Lopez Leon M A (2021). Sand-fly and mammal captures to validate current transmission cycles of cutaneous Leishmaniasis in Colombia. Version 1.1. Universidad de los Andes. Occurrence dataset https://doi.org/10.15472/4hszno accessed via GBIF.org on 2022-07-07.",CC BY-NC 4.0,38,0,https://doi.org/10.15472/4hszno
"Urbán-Ramírez J. y M. V. Gutiérrez-Sandoval. 2006. Colección Osteológica de Mastozoología Marina. Colección MHN. Universidad Autónoma de Baja California Sur. Bases de datos SNIB-CONABIO, proyecto DC027. México, D. F.",CC BY 4.0,38,38,
"Ecopetrol. S.A., Instituto de Investigación de Recursos Biológicos Alexander von Humboldt (2022). Mamíferos de la Ecoreserva Predio ASA (Acacías, Meta) - Proyecto FIBRAS. Version 1.2. Instituto de Investigación de Recursos Biológicos Alexander von Humboldt. Occurrence dataset https://doi.org/10.15472/wungkv accessed via GBIF.org on 2022-07-07.",CC BY-NC 4.0,37,0,https://doi.org/10.15472/wungkv
"González M F, Vasquez Valderrama M (2017). Fauna y flora del municipio de Paipa, Boyacá. Version 1.1. Instituto de Investigación de Recursos Biológicos Alexander von Humboldt. Occurrence dataset https://doi.org/10.15472/ub1elc accessed via GBIF.org on 2022-07-07.",CC BY-NC 4.0,36,0,https://doi.org/10.15472/ub1elc
"Kenney, R. 2013. BLM CETAP OPP Sightings. Data downloaded from OBIS-SEAMAP (http://seamap.env.duke.edu/dataset/284) on yyyy-mm-dd. https://doi.org/10.15468/5ey75m accessed via GBIF.org on 2022-07-07.",CC BY-NC 4.0,35,0,https://doi.org/10.15468/5ey75m
"Ballance L, Moore J, OBIS-SEAMAP (2022). SWFSC Marine Mammal Survey, STAR 1999, Cruise 1613. Version 2.0. OBIS-SEAMAP. Occurrence dataset https://doi.org/10.15468/fhus2r accessed via GBIF.org on 2024-07-31.",CC BY-NC 4.0,34,0,https://doi.org/10.15468/fhus2r
"Ballesteros H, Acosta Castañeda A, López A, Elizalde Guerrero A M, Álvarez D, Mahecha Ó, Marulanda O, Quiceno U, Perdomo J C, Herrera S, Henao N, García R, Alzate J, Cardona F (2021). Área ocupada por especies de fauna en el Parque Nacional Natural Selva de Florencia en el 2018. Version 2.2. Parques Nacionales Naturales de Colombia. Sampling event dataset https://doi.org/10.15472/c74hqo accessed via GBIF.org on 2022-07-07.",CC BY-NC 4.0,34,0,https://doi.org/10.15472/c74hqo
"Bolívar- García W, Barona Cortés E, Giraldo López A (2019). Análisis de Integridad Biológica para el Distrito de Conservación de Suelos Cañón del Río Grande. Convenio CVC- Univalle 108 de 2017. Universidad del Valle. Occurrence dataset https://doi.org/10.15472/fzqy9a accessed via GBIF.org on 2022-07-07.",CC0 1.0,34,0,https://doi.org/10.15472/fzqy9a
"Cheeseman T, OBIS-SEAMAP (2024). Happywhale - Common bottlenose dolphin in North Pacific Ocean. OBIS-SEAMAP. Occurrence dataset https://doi.org/10.15468/6vnxdm accessed via GBIF.org on 2024-07-31.",CC0 1.0,34,34,https://doi.org/10.15468/6vnxdm
"Garrison L, OBIS-SEAMAP (2021). SEFSC Caribbean Survey 1995. Version 2.3. OBIS-SEAMAP. Occurrence dataset https://doi.org/10.15468/43krm7 accessed via GBIF.org on 2022-07-07.",CC BY-NC 4.0,34,0,https://doi.org/10.15468/43krm7
Western Australian Museum (2019). Western Australian Museum provider for OZCAM. Occurrence dataset https://doi.org/10.15468/5qt0dm accessed via GBIF.org on 2022-07-07.,CC BY 4.0,34,27,https://doi.org/10.15468/5qt0dm
"Restrepo Gaviria D, Tique Bernal F, Lau Lavera I, González Vargas M, Rivera Gomez J, Palacios Arboleda Y, Varela Velásquez S, Montoya Arango S, Vanegas Giraldo D, Castillo Thomas J, Hinestroza Koppel T, Martínez Arias V, Blanquicet A, Mosquera A, Valois W (2021). Caracterización de Fauna para el plan de Etnodesarrollo de Bahía Cupica, Chocó. Consejo Comunitario de Cupica Rio, Selva y Mar. Occurrence dataset https://doi.org/10.15472/hhdavj accessed via GBIF.org on 2022-07-07.",CC BY-NC 4.0,33,0,https://doi.org/10.15472/hhdavj
"Villegas M, Bolaños A (2021). Monitoreo y seguimiento de fauna terrestre para el AID y AII de la  Central Hidroeléctrica de Calima - 2017. Version 1.1. Corporación Paisajes Rurales. Occurrence dataset https://doi.org/10.15472/l3cboh accessed via GBIF.org on 2022-07-07.",CC BY-NC 4.0,33,0,https://doi.org/10.15472/l3cboh
"Ballance L, Moore J, OBIS-SEAMAP (2022). SWFSC Marine Mammal Survey, STAR 2003, Cruise 1624. Version 2.0. OBIS-SEAMAP. Occurrence dataset https://doi.org/10.15468/szzgj3 accessed via GBIF.org on 2024-07-31.",CC BY-NC 4.0,32,0,https://doi.org/10.15468/szzgj3
CONABIO. 2021. Naturalista. Comisión Nacional para el Conocimiento y Uso de la Biodiversidad (CONABIO). Bases de datos SNIB-CONABIO. Ciudad de México,CC BY-ND 4.0,32,32,
"DiMatteo A, OBIS-SEAMAP (2021). US Navy marine mammal and sea turtle sightings from aerial surveys, Vieques, Puerto Rico 2000. OBIS-SEAMAP. Occurrence dataset https://doi.org/10.15468/6p54qp accessed via GBIF.org on 2022-07-07.",CC BY 4.0,32,0,https://doi.org/10.15468/6p54qp
"González M, Quintana Vargas A (2021). Tejidos de sistemas cársticos en el municipio de El Peñón, Santander - Proyecto Colombia BIO. Version 1.5. Instituto de Investigación de Recursos Biológicos Alexander von Humboldt. Occurrence dataset https://doi.org/10.15472/f5vbeo accessed via GBIF.org on 2022-07-07.",CC BY-NC 4.0,32,0,https://doi.org/10.15472/f5vbeo
Happywhale. 2021. Happywhale - Sperm Whale in North Pacific Ocean. Data downloaded from OBIS-SEAMAP (http://seamap.env.duke.edu/dataset/1727) on yyyy-mm-dd originated from Happywhale.com. https://doi.org/10.15468/dj59sv accessed via GBIF.org on 2022-07-07.,CC0 1.0,32,32,https://doi.org/10.15468/dj59sv
"Infraestructura Institucional de Datos e Información, Borja-Acosta K G (2021). Tejidos colectados en la expedición al municipio El Carmen de Chucurí, Santander - Proyecto Santander BIO. Version 1.4. Instituto de Investigación de Recursos Biológicos Alexander von Humboldt. Occurrence dataset https://doi.org/10.15472/su1eqq accessed via GBIF.org on 2022-07-07.",CC BY-NC 4.0,32,0,https://doi.org/10.15472/su1eqq
"Villegas M, Moreno J (2019). Primer monitoreo y seguimiento de fauna terrestre para el AID y AII de la  Pequeña Central Hidráulica Riofrío. 2018. Corporación Paisajes Rurales. Occurrence dataset https://doi.org/10.15472/lh28wc accessed via GBIF.org on 2022-07-07.",CC BY-NC 4.0,32,0,https://doi.org/10.15472/lh28wc
Barrera Zambrano V A (2018). Línea base del medio biótico en los bosques dentro de la zona propuesta para Acuerdos de Conservación Voluntaria en la microcuenca de la Quebrada Aguazula - Rincón del Soldado_Yopal. Asociación de Becarios del Casanare. Occurrence dataset https://doi.org/10.15472/uci2am accessed via GBIF.org on 2022-07-07.,CC BY-NC 4.0,31,0,https://doi.org/10.15472/uci2am
"Orrell T, Informatics and Data Science Center, Digital Stewardship Team (2024). NMNH Material Samples (USNM). Version 1.67. National Museum of Natural History, Smithsonian Institution. Occurrence dataset https://doi.org/10.15468/jb9tdf accessed via GBIF.org on 2024-07-31.",CC0 1.0,31,0,https://doi.org/10.15468/jb9tdf
Peréz Gallego C M (2018). Registros biológicos de especies de fauna vertebrada terrestre en las centrales de San Carlos y Jaguas - 2006. Version 4.2. ISAGEN S.A. E.S.P.. Occurrence dataset https://doi.org/10.15472/p3246n accessed via GBIF.org on 2022-07-07.,CC0 1.0,31,0,https://doi.org/10.15472/p3246n
"Ramírez Hernández L M, Quiroga M E (2021). Biodiversidad asociada a la mina de explotación y producción de Ferroníquel Cerro Matoso S.A.. Version 1.4. Cerro Matoso S.A. Occurrence dataset https://doi.org/10.15472/pfr3tr accessed via GBIF.org on 2022-07-07.",CC BY-NC 4.0,31,0,https://doi.org/10.15472/pfr3tr
"Ballance L, Moore J, OBIS-SEAMAP (2022). SWFSC Marine Mammal Survey, STAR 2006, Cruise 1631. Version 1.9. OBIS-SEAMAP. Occurrence dataset https://doi.org/10.15468/meuunh accessed via GBIF.org on 2024-07-31.",CC BY-NC 4.0,30,0,https://doi.org/10.15468/meuunh
Barrera Zambrano V A (2018). Línea base del medio biótico en los bosques para Acuerdos de Conservación Voluntaria en la microcuenca de la Quebrada Aguablanca -El Morro Yopal. Version 2.2. Asociación de Becarios del Casanare. Occurrence dataset https://doi.org/10.15472/0kdyr0 accessed via GBIF.org on 2022-07-07.,CC BY-NC 4.0,30,0,https://doi.org/10.15472/0kdyr0
"Ford, G. and J. Casey. 2013. MMS High Altitude Survey, SCB 1975-1978. Data downloaded from OBIS-SEAMAP (http://seamap.env.duke.edu/dataset/50) on yyyy-mm-dd. https://doi.org/10.15468/553xxp accessed via GBIF.org on 2022-07-07.",CC BY-NC 4.0,30,30,https://doi.org/10.15468/553xxp
"Bonilla Urrutia N S, Moya Robledo J (2019). Mamíferos presentes en la ciénaga de Bete, municipio del Medio Atrato 2008. Instituto de Investigaciones Ambientales del Pacífico John Von Neumann - IIAP. Occurrence dataset https://doi.org/10.15472/t9t5v9 accessed via GBIF.org on 2022-07-07.",CC BY-NC 4.0,29,0,https://doi.org/10.15472/t9t5v9
"Burbano Yandi C E, Burbano C (2018). Creación de un área protegida pública local en los municipios de Roldanillo, La Unión y Toro.. Version 3.1. Fundación Trópico. Occurrence dataset https://doi.org/10.15472/fljun1 accessed via GBIF.org on 2022-07-07.",CC BY-NC 4.0,29,0,https://doi.org/10.15472/fljun1
"Ecopetrol. S.A., Instituto de Investigación de Recursos Biológicos Alexander von Humboldt (2022). Mamíferos de la Ecoreserva Campo Rubiales (Puerto Gaitán, Meta) - Proyecto FIBRAS. Version 2.4. Instituto de Investigación de Recursos Biológicos Alexander von Humboldt. Occurrence dataset https://doi.org/10.15472/axqbwp accessed via GBIF.org on 2022-07-07.",CC BY-NC 4.0,29,0,https://doi.org/10.15472/axqbwp
"Gerrodette, T. 2004. SWFSC Marine Mammal Survey, MOPS 1987, Cruise 1081. Data downloaded from OBIS-SEAMAP (http://seamap.env.duke.edu/dataset/193) on yyyy-mm-dd. https://doi.org/10.15468/rqcp8m accessed via GBIF.org on 2024-07-31.",CC BY-NC 4.0,29,0,https://doi.org/10.15468/rqcp8m
Urrutia N S (2018). Caracterización Ecológica de los Mamíferos del Cerro Jánano. Version 1.3. Instituto de Investigaciones Ambientales del Pacífico John Von Neumann - IIAP. Occurrence dataset https://doi.org/10.15472/6ukz9t accessed via GBIF.org on 2022-07-07.,CC BY-NC 4.0,29,0,https://doi.org/10.15472/6ukz9t
"Villegas M, Zambrano F H, Gonzalez G J (2018). Monitoreo y seguimiento de fauna terrestre para el AID y AII de la Central Hidroeléctrica Cucuana. 2017-B. Corporación Paisajes Rurales. Occurrence dataset https://doi.org/10.15472/jliqjc accessed via GBIF.org on 2022-07-07.",CC BY-NC 4.0,29,0,https://doi.org/10.15472/jliqjc
South Australian Museum (2022). South Australian Museum Adelaide provider for OZCAM. Occurrence dataset https://doi.org/10.15468/wz4rrh accessed via GBIF.org on 2022-07-07.,CC BY 4.0,28,3,https://doi.org/10.15468/wz4rrh
"Urrutia N S, Cuesta Ríos E Y (2018). Mastofauna presente en el Alto del Buey, Bahía Solano, Chocó. Version 2.2. Instituto de Investigaciones Ambientales del Pacífico John Von Neumann - IIAP. Occurrence dataset https://doi.org/10.15472/2aqllc accessed via GBIF.org on 2022-07-07.",CC BY-NC 4.0,28,0,https://doi.org/10.15472/2aqllc
"Ballance L, Moore J, OBIS-SEAMAP (2022). SWFSC Marine Mammal Survey, STAR 1998, Cruise 1610. Version 2.0. OBIS-SEAMAP. Occurrence dataset https://doi.org/10.15468/y4wmbv accessed via GBIF.org on 2024-07-31.",CC BY-NC 4.0,27,0,https://doi.org/10.15468/y4wmbv
"Casassovici A, Brosens D (2022). Diveboard - Scuba diving citizen science observations. Version 54.51. Diveboard. Occurrence dataset https://doi.org/10.15468/tnjrgy accessed via GBIF.org on 2022-07-07.",CC BY-NC 4.0,27,13,https://doi.org/10.15468/tnjrgy
"Ecopetrol. S.A., Instituto de Investigación de Recursos Biológicos Alexander von Humboldt (2022). Mamíferos de la Ecoreserva Predio Isla IV (Cantagallo, Bolívar) - Proyecto FIBRAS. Version 1.3. Instituto de Investigación de Recursos Biológicos Alexander von Humboldt. Occurrence dataset https://doi.org/10.15472/ckmjwu accessed via GBIF.org on 2022-07-07.",CC BY-NC 4.0,27,0,https://doi.org/10.15472/ckmjwu
"Muench-Spintzer C. E. 2014. Monitoreo de Mastofauna en Corredores Biológicos de Chiapas. Bases de datos SNIB-CONABIO, proyecto Z058. México, D. F.",CC BY 4.0,27,27,
Ramírez Correal B H (2021). Monitoreo de flora y fauna en el proyecto de restauración ecológica: Reviva la Primavera (Pauto M). Asociación de Becarios del Casanare. Occurrence dataset https://doi.org/10.15472/morjfm accessed via GBIF.org on 2022-07-07.,CC BY-NC 4.0,27,0,https://doi.org/10.15472/morjfm
Rodriguez Chaverra C (2018). Análisis ecológico de la mastofauna en la parte alta del Rio Güangui. Version 7.2. Instituto de Investigaciones Ambientales del Pacífico John Von Neumann - IIAP. Occurrence dataset https://doi.org/10.15472/zm1htq accessed via GBIF.org on 2022-07-07.,CC BY-NC 4.0,27,0,https://doi.org/10.15472/zm1htq
"Vela Vargas I M (2021). Tejidos colectados en la ventana de biodiversidad Ciénaga, Municipio de Ciénaga, Magdalena, Colombia. Version 1.2. Instituto de Investigación de Recursos Biológicos Alexander von Humboldt. Occurrence dataset https://doi.org/10.15472/1ns4vw accessed via GBIF.org on 2022-07-07.",CC BY-NC 4.0,27,0,https://doi.org/10.15472/1ns4vw
"Ford, G. and J. Casey. 2013. MMS Low Altitude Survey for Mammals, Southern California Bight 1975-1978. Data downloaded from OBIS-SEAMAP (http://seamap.env.duke.edu/dataset/51) on yyyy-mm-dd. https://doi.org/10.15468/v6d4np accessed via GBIF.org on 2022-07-07.",CC BY-NC 4.0,26,26,https://doi.org/10.15468/v6d4np
Kuprewicz E (2020). UConn Mammals. Version 3.3. University of Connecticut. Occurrence dataset https://doi.org/10.15468/dbs8w7 accessed via GBIF.org on 2022-07-07.,CC0 1.0,26,17,https://doi.org/10.15468/dbs8w7
"Torre-Cosío J. y L. Bourillón-Moreno. 2000. Inventario y monitoreo del Canal de Infiernillo para el comanejo de los recursos marinos en el territorio Seri, Golfo de California. Conservation International México A. C. Bases de datos SNIB-CONABIO, proyecto L179. México, D. F.",CC BY 4.0,26,26,
"Urrutia N S, Ríos E Y (2021). Mamíferos Asociados al Cerro Tacarcuna-Chocó, en el marco del proyecto Colombia BIO. Version 1.5. Instituto de Investigaciones Ambientales del Pacífico John Von Neumann - IIAP. Occurrence dataset https://doi.org/10.15472/1p10za accessed via GBIF.org on 2022-07-07.",CC BY-NC 4.0,26,0,https://doi.org/10.15472/1p10za
"Arnaud G., A. Breceda, S. Alvarez-Cárdenas, A. Cordero, C. Bonfil y P. Galina. 2014. Cerdos asilvestrados (Sus scrofa) en la Reserva de la Biosfera Sierra La Laguna: Evaluación e impacto sobre la biodiversidad. Centro de Investigaciones Biológicas del Noroeste S. C. Bases de datos SNIB-CONABIO, proyecto GN016. México, D. F.",CC BY 4.0,25,25,
"Barrera Zambrano V A (2018). Inventario de Murciélagos Buenos Aires, Tauramena, Casanare. Version 2.1. Asociación de Becarios del Casanare. Occurrence dataset https://doi.org/10.15472/awut5h accessed via GBIF.org on 2022-07-07.",CC BY-NC 4.0,25,0,https://doi.org/10.15472/awut5h
"Bohorquez Rodriguez J S, Moreno Arias R Á (2018). Análisis de las poblaciones de oso palmero (Myrmecophaga tridactyla) en el Departamento del Meta. Version 1.1. Cormacarena - Corporación para el Desarrollo Sostenible del área de Manejo Especial La Macarena. Occurrence dataset https://doi.org/10.15472/xg9yfg accessed via GBIF.org on 2022-07-07.",CC BY 4.0,25,0,https://doi.org/10.15472/xg9yfg
"Pulido P, Cáceres Martínez C H (2021). Genética de la Conservación del Oso Andino en los Parques Nacionales Naturales (PNN) del Subsistema de Áreas Protegidas Andes Orientales de Colombia. Version 1.3. Instituto de Investigación de Recursos Biológicos Alexander von Humboldt. Occurrence dataset https://doi.org/10.15472/ikewik accessed via GBIF.org on 2022-07-07.",CC BY-NC 4.0,25,0,https://doi.org/10.15472/ikewik
"Álvarez-Cárdenas S. 2000. Ecología y manejo de ungulados cinegéticos en el sur de Baja California Sur. Centro de Investigaciones Biológicas del Noroeste S. C. Bases de datos SNIB-CONABIO (Ovis canadensis y plantas), proyecto L318. México, D. F.",CC BY 4.0,25,25,
"Ballance L, Moore J, OBIS-SEAMAP (2022). SWFSC Marine Mammal Survey, STAR 2000, Cruise 1616. Version 2.0. OBIS-SEAMAP. Occurrence dataset https://doi.org/10.15468/92gzm5 accessed via GBIF.org on 2024-07-31.",CC BY-NC 4.0,24,0,https://doi.org/10.15468/92gzm5
"Beltrán Vergara D F (2022). Caracterización de Mamíferos en el área de Farallones, jurisdicción de CORPOGUAVIO. Corpoguavio - Corporación Autónoma Regional del Guavio. Occurrence dataset https://doi.org/10.15472/n3hlox accessed via GBIF.org on 2022-07-07.",CC BY 4.0,24,0,https://doi.org/10.15472/n3hlox
"Villegas M, Zambrano F H, Guerra Gonzalez G J, Gonzalez G J (2019). Establecimiento de línea base de fauna terrestre para el AID y AII de la  Pequeña Central Hidroeléctrica Riofrío. 2017.. Version 1.1. Corporación Paisajes Rurales. Occurrence dataset https://doi.org/10.15472/7s9kiw accessed via GBIF.org on 2022-07-07.",CC BY 4.0,24,0,https://doi.org/10.15472/7s9kiw
"García Morera Y, Ramírez Hernández L M, Lara Lastre K M, Polanco Zambrano D A, Alameda Buritica J M, Salazar Leal Á X, Quijano Abril C J, Arenas Troncoso A M, Hernández Gordillo A L, García López Y A, Tabares Sánchez M M, Barreto Sánchez L H, Lopera Antury J J (2022). Biodiversidad asociada a proyectos del Grupo EPM en el Valle de Aburrá en los años 2019 y 2020. Version 2.1. Empresas Públicas de Medellín E.S.P.. Occurrence dataset https://doi.org/10.15472/1puvk4 accessed via GBIF.org on 2022-07-07.",CC BY-NC 4.0,23,0,https://doi.org/10.15472/1puvk4
"Ramirez B (2021). Inventarios de flora y fauna en bosques de niebla del municipio de Chámeza, Casanare. Version 2.2. Asociación de Becarios del Casanare. Occurrence dataset https://doi.org/10.15472/mc8eob accessed via GBIF.org on 2022-07-07.",CC BY-NC 4.0,23,0,https://doi.org/10.15472/mc8eob
"Rickart E, Derieg K (2022). UMNH Mammals Collection (Arctos). Version 2.58. Natural History Museum of Utah (UMNH). Occurrence dataset https://doi.org/10.15468/gmb1cy accessed via GBIF.org on 2022-07-07.",CC0 1.0,23,1,https://doi.org/10.15468/gmb1cy
"Sanabria A (2011). Speothos Venaticus por Guillermo Gil. Administración de Parques Nacionales, Argentina. Occurrence dataset https://doi.org/10.15468/dzaro8 accessed via GBIF.org on 2022-07-07.",CC BY 4.0,23,0,https://doi.org/10.15468/dzaro8
"Gerrodette, T. 2004. SWFSC Marine Mammal Survey, MOPS 1988, Cruise 1164. Data downloaded from OBIS-SEAMAP (http://seamap.env.duke.edu/dataset/195) on yyyy-mm-dd. https://doi.org/10.15468/xeqvsj accessed via GBIF.org on 2024-07-31.",CC BY-NC 4.0,22,0,https://doi.org/10.15468/xeqvsj
"Pulido Santacruz P, Cáceres Martínez C H (2021). Genética de la Conservación del Oso Andino en las áreas protegidas de Paramillo, Palermo, Santurbán, Yariguíes y Serranía del Perijá. Instituto de Investigación de Recursos Biológicos Alexander von Humboldt. Occurrence dataset https://doi.org/10.15472/eap5bd accessed via GBIF.org on 2022-07-07.",CC BY-NC 4.0,22,0,https://doi.org/10.15472/eap5bd
"Urrutia N S (2018). Mastofauna Presente en la Ciénaga de Montaño, Municipio del Carmen del Darién, Chocó. Version 1.2. Instituto de Investigaciones Ambientales del Pacífico John Von Neumann - IIAP. Occurrence dataset https://doi.org/10.15472/qicotv accessed via GBIF.org on 2022-07-07.",CC BY-NC 4.0,22,0,https://doi.org/10.15472/qicotv
"Flórez Jaramillo L Á, Bolívar García W (2018). Análisis de integridad biológica en el Parque Natural Regional (PNR) Nima. Version 2.1. Universidad del Valle. Occurrence dataset https://doi.org/10.15472/cydvcm accessed via GBIF.org on 2022-10-03.",CC BY-NC 4.0,21,0,https://doi.org/10.15472/cydvcm
"García Morera Y, Hernandez Gordillo A L, Acosta Baena E, Arenas A M, García Montoya L F, Ordoñez Castillo N F, Castaño L V, Santana D, Cohen Ballesteros S M, Mendoza Polo J, Solano L M, HMV Ingenieros Ltda, Servicios Ambientales y Geográficos S.A (2022). Biodiversidad asociada al proyecto Línea de Transmisión a 110 kV Guayabal – Rodeo – Ancón Sur, Antioquia. Version 1.1. Empresas Públicas de Medellín E.S.P.. Occurrence dataset https://doi.org/10.15472/zhwato accessed via GBIF.org on 2022-07-07.",CC BY-NC 4.0,21,0,https://doi.org/10.15472/zhwato
"González C, Rondón S, Link A (2021). Colecta de muestras fecales de primates (Atelidae y Cebidae) para la determinación de prevalencia de Plasmodium sp.. Universidad de los Andes. Occurrence dataset https://doi.org/10.15472/ewldlr accessed via GBIF.org on 2022-07-07.",CC BY-NC 4.0,21,0,https://doi.org/10.15472/ewldlr
"Heredia Ariza E, Montealegre Gómez M O, Caro Aponte P A, Guzman Vargas H A, Herran Medina J, Carrasco Gonzales C E (2022). Fauna y Flora asociada al aprovechamiento de una concesión minera en el municipio de Armero, Tolima. Version 1.1. Carsa Gold S.A.S. Occurrence dataset https://doi.org/10.15472/rewkdr accessed via GBIF.org on 2022-07-07.",CC BY-NC 4.0,21,0,https://doi.org/10.15472/rewkdr
"Magaña-Cota G. E. 2004. Colección científica del Museo de Historia Natural Alfredo Dugés. Colección científica MADUG. Universidad de Guanajuato. Bases de datos SNIB-CONABIO, proyecto V002. México, D. F.",CC BY 4.0,21,21,
"Quirama Quintero Z T, Tique F, Ortega R, Quirama T (2022). Monitoreo de fauna vertebrada terrestre en las cercanías del Río Aures para el tramo de influencia de la central Aures Bajo en 2021 y 2022. Version 1.2. Aures Bajo. Occurrence dataset https://doi.org/10.15472/dm1msd accessed via GBIF.org on 2022-07-07.",CC BY 4.0,21,0,https://doi.org/10.15472/dm1msd
"Rodríguez Posada M E, Morales D, Ochoa L (2021). Murciélagos de la isla de Providencia. Expedición Seaflower 2019 proyecto Colombia BIO. Version 1.1. Fundación Reserva Natural La Palmita - Centro de Investigación. Occurrence dataset https://doi.org/10.15472/ogi9nb accessed via GBIF.org on 2022-07-07.",CC BY-NC 4.0,21,0,https://doi.org/10.15472/ogi9nb
"Ruano Meneses L A, Velasco N, Pérez Castillo K, Salazar Valencia M L (2021). Fauna de Chilí-Barragán bajo el Convenio Interadmisnitrativo No 0018 celebrado entre CVC-INCIVA. Instituto para la Investigación y la Preservación del Patrimonio Cultural y Natural del Valle del Cauca - INCIVA. Occurrence dataset https://doi.org/10.15472/79vdcf accessed via GBIF.org on 2022-07-07.",CC BY-NC 4.0,21,0,https://doi.org/10.15472/79vdcf
"Urrutia N S (2018). Mastofauna presentes en la ciénaga de Guineo, Riosucio, Chocó. Version 1.2. Instituto de Investigaciones Ambientales del Pacífico John Von Neumann - IIAP. Occurrence dataset https://doi.org/10.15472/7eplaw accessed via GBIF.org on 2022-07-07.",CC BY-NC 4.0,21,0,https://doi.org/10.15472/7eplaw
"Urrutia N S, Moya Robledo J (2019). Caracterizacion de mamíferos del Cerro de Chageradó (Frontino- Antioquia), 2011. Instituto de Investigaciones Ambientales del Pacífico John Von Neumann - IIAP. Occurrence dataset https://doi.org/10.15472/4i7dct accessed via GBIF.org on 2022-07-07.",CC BY-NC 4.0,21,0,https://doi.org/10.15472/4i7dct
"Carvajal Pinilla L A, Gutiérrez Bautista H H (2020). Murciélagos dispersores de semillas en un bosque Subandino de Neiva. Version 2.2. Corporación Universitaria del Huila. Occurrence dataset https://doi.org/10.15472/svrq7e accessed via GBIF.org on 2022-07-07.",CC BY-NC 4.0,20,0,https://doi.org/10.15472/svrq7e
"Cervantes-Reza F. A. 2000. Búsqueda de poblaciones supervivientes de la liebre endémica Lepus flavigularis. Instituto de Biología. Universidad Nacional Autónoma de México. Bases de datos SNIB-CONABIO, proyecto K058. México, D. F.",CC BY 4.0,20,20,
"González-Maya J F, Ferrer M (2022). Viviendo en los Andes: registros notables de la distribución altitudinal del oso andino, Tremarctos ornatus (Ursidae) en Boyacá, Colombia. Version 1.3. Museu de Ciències Naturals de Barcelona. Occurrence dataset https://doi.org/10.15470/32uicm accessed via GBIF.org on 2022-07-07.",CC BY 4.0,20,0,https://doi.org/10.15470/32uicm
Happywhale. 2021. Happywhale - Humpback Whale in North Atlantic Ocean. Data downloaded from OBIS-SEAMAP (http://seamap.env.duke.edu/dataset/1764) on yyyy-mm-dd originated from Happywhale.com. https://doi.org/10.15468/xhfm33 accessed via GBIF.org on 2022-07-07.,CC BY 4.0,20,0,https://doi.org/10.15468/xhfm33
Pelayo Villamil P (2021). Fauna y Flora asociada al estudio de Impacto Ambiental del Proyecto Parque Eólico Guajira II. Version 1.2. ISAGEN S.A. E.S.P.. Occurrence dataset https://doi.org/10.15472/iyb6yo accessed via GBIF.org on 2022-07-07.,CC BY-NC 4.0,20,0,https://doi.org/10.15472/iyb6yo
Accession ID OGL-#####. The Ocean Genome Legacy Center. Northeastern University. Published on the web at ogl.northeastern.edu/catalog. https://doi.org/10.15468/jzgqtc accessed via GBIF.org on 2022-07-07.,CC BY 4.0,19,0,https://doi.org/10.15468/jzgqtc
"Barragan D, Caballero S (2020). Registros de peces y cetaceos en el marco del proyecto Ocurrencia, distribución, estado genético y de contaminantes de los cetáceos de La Guajira. Universidad de los Andes. Occurrence dataset https://doi.org/10.15472/vip9ch accessed via GBIF.org on 2022-07-07.",CC BY-NC 4.0,19,0,https://doi.org/10.15472/vip9ch
"Boisseau O, OBIS-SEAMAP, ACCOBAMS and WDCS (2021). Visual sightings from Song of the Whale 1993-2013. OBIS-SEAMAP. Occurrence dataset https://doi.org/10.15468/5c69jn accessed via GBIF.org on 2022-07-07.",CC BY-NC 4.0,19,0,https://doi.org/10.15468/5c69jn
"Urrutia N S (2018). Fauna Asociada a los Cativales del Municipio de Riosucio, como Aspecto Relevante dentro de la Estructura Ecológica Principal del Chocó Biogeográfico. Version 1.3. Instituto de Investigaciones Ambientales del Pacífico John Von Neumann - IIAP. Occurrence dataset https://doi.org/10.15472/wydg4q accessed via GBIF.org on 2022-07-07.",CC BY-NC 4.0,19,0,https://doi.org/10.15472/wydg4q
"Ballance L, Moore J, OBIS-SEAMAP (2022). SWFSC Marine Mammal Survey, STAR 2006, Cruise 1630. Version 2.0. OBIS-SEAMAP. Occurrence dataset https://doi.org/10.15468/udrxs3 accessed via GBIF.org on 2024-07-31.",CC BY-NC 4.0,18,0,https://doi.org/10.15468/udrxs3
"García Morera Y, Barreto Sanchez L H, Servicios Ambientales y Geográficos S.A, HMV Ingenieros Ltda (2022). Biodiversidad asociada al proyecto Línea de Transmisión Doble Circuito Calizas- San Lorenzo Rioclaro a 110 kV, Antioquia. Version 1.1. Empresas Públicas de Medellín E.S.P.. Occurrence dataset https://doi.org/10.15472/xkr6t7 accessed via GBIF.org on 2022-07-07.",CC BY-NC 4.0,18,0,https://doi.org/10.15472/xkr6t7
"Inventaire National du Patrimoine Naturel (2021). Référentiel taxonomique national (TAXREF) - Inventaire des Collectivités d'outre-mer et de la métropole (ICOM_15) issu des données biogéographiques de TAXREF v15. UMS PatriNat (OFB-CNRS-MNHN), Paris. Occurrence dataset https://doi.org/10.15468/5a75sk accessed via GBIF.org on 2024-08-06.",CC BY 4.0,18,0,https://doi.org/10.15468/5a75sk
"Inventaire National du Patrimoine Naturel (2022). Référentiel taxonomique national (TAXREF)-Inventaire des Collectivités d'outre-mer et de la métropole issu des données biogéographiques de TAXREF. UMS PatriNat (OFB-CNRS-MNHN), Paris. Occurrence dataset https://doi.org/10.15468/ktycv2 accessed via GBIF.org on 2024-08-06.",CC BY 4.0,18,0,https://doi.org/10.15468/ktycv2
"Mellink E., M. Riojas y  M. Manteca-Rodríguez. 2016. Mamíferos no voladores. En: S. Vanderplank, B. T. Wilder y E. Ezcurra (eds). Arroyo la Junta: Una joya de biodiversidad en la Reserva de la Biosfera Sierra La Laguna. Botanical Research Institute of Texas, Next Generation Sonoran Desert Researchers, and UC MEXUS. Bases de datos SNIB-CONABIO, proyecto Z055. Ciudad de México",CC BY 4.0,18,18,
"Valderrama Arcila C H, Londoño Villegas A (2017). Tejidos colectados en la ventana de biodiversidad Filandia, Quindío, Colombia. Version 1.2. Instituto de Investigación de Recursos Biológicos Alexander von Humboldt. Occurrence dataset https://doi.org/10.15472/psyiye accessed via GBIF.org on 2022-07-07.",CC BY-NC 4.0,18,0,https://doi.org/10.15472/psyiye
"Cárdenas Tamayo T A, Ramírez Hernández L M (2021). Biodiversidad asociada al plan de manejo ambiental del embalse de Tominé, Cundinamarca. Version 1.1. Grupo Energía Bogotá. Occurrence dataset https://doi.org/10.15472/rknqyl accessed via GBIF.org on 2022-07-07.",CC BY-NC 4.0,17,0,https://doi.org/10.15472/rknqyl
"Dunn, C. 2006. Bahamas Marine Mammal Research Organisation Aerial Survey. Data downloaded from OBIS-SEAMAP (http://seamap.env.duke.edu/dataset/330) on yyyy-mm-dd. https://doi.org/10.15468/7v8vb6 accessed via GBIF.org on 2022-07-07.",CC BY-NC 4.0,17,0,https://doi.org/10.15468/7v8vb6
"Galindo C, Caicedo Y, Aramendiz-Macías L (2022). Biodiversidad asociada al proyecto solar fotovoltaico Helios Cesar Ocaña-220MWAC. Version 2.1. Construcciones y Ambiente Conambiente S.A.S. Occurrence dataset https://doi.org/10.15472/hz3akt accessed via GBIF.org on 2022-07-07.",CC0 1.0,17,0,https://doi.org/10.15472/hz3akt
"Winifred F. F., P. A. Heady y  P. Cortés-Calva. 2016. Murciélagos. En: S. Vanderplank, B. T. Wilder y E. Ezcurra (eds). Arroyo la Junta: Una joya de biodiversidad en la Reserva de la Biosfera Sierra La Laguna. Botanical Research Institute of Texas, Next Generation Sonoran Desert Researchers, and UC MEXUS. Bases de datos SNIB-CONABIO, proyecto Z055. Ciudad de México",CC BY 4.0,17,17,
"Woolmer, G. 2013. Historical distribution of whales shown by logbook records 1785-1913. Data downloaded from OBIS-SEAMAP (http://seamap.env.duke.edu/dataset/885) on yyyy-mm-dd. https://doi.org/10.15468/jyp4fg accessed via GBIF.org on 2023-02-08. accessed via GBIF.org on 2024-07-31.",CC BY 4.0,17,0,https://doi.org/10.15468/jyp4fg
"Barrera Zambrano V A (2018). Inventario de Murciélagos Floreña I, Yopal, Casanare. Version 2.1. Asociación de Becarios del Casanare. Occurrence dataset https://doi.org/10.15472/v3uaqm accessed via GBIF.org on 2022-07-07.",CC BY-NC 4.0,16,0,https://doi.org/10.15472/v3uaqm
"Castillo Velandia D R, Santafé Millán C, Romero Rodríguez A, Universidad El Bosque M D C (2018). Reporte de avistamientos de oso palmero (Myrmecophaga tridactyla Linnaeus, 1758) en el área de influencia de Llanos 58, Puerto López, Meta, Colombia. Version 1.1. Universidad El Bosque. Occurrence dataset https://doi.org/10.15472/1hafuk accessed via GBIF.org on 2022-07-07.",CC BY-NC 4.0,16,0,https://doi.org/10.15472/1hafuk
"Pulido-Santacruz P, Valencia Arboleda J I (2021). Genética de la Conservación del Oso Andino en el Parque Nacional Natural Cordillera de los Picachos y área de amortiguación. Version 1.1. Instituto de Investigación de Recursos Biológicos Alexander von Humboldt. Occurrence dataset https://doi.org/10.15472/mm9tu8 accessed via GBIF.org on 2022-07-07.",CC BY-NC 4.0,16,0,https://doi.org/10.15472/mm9tu8
Questagame (2021). Earth Guardians Weekly Feed. Occurrence dataset https://doi.org/10.15468/slqqt8 accessed via GBIF.org on 2022-07-07.,CC BY-NC 4.0,16,1,https://doi.org/10.15468/slqqt8
"Rodriguez Saavedra V, Dueñas Valderrama F, Alfonso Parra C, Castillo Velandia D, Santafé Millán C, Castillo Aguilar M A, Universidad El Bosque M D C (2021). Colección de Referencia de Mamíferos del Museo de Ciencias de la Universidad El Bosque. Version 1.2. Universidad El Bosque. Occurrence dataset https://doi.org/10.15472/iiwkdu accessed via GBIF.org on 2022-07-07.",CC BY-NC 4.0,16,0,https://doi.org/10.15472/iiwkdu
"Vela Vargas I M (2017). Tejidos colectados en la ventana de biodiversidad Montes de María, Municipio de Colosó, Sucre, Colombia. Version 1.1. Instituto de Investigación de Recursos Biológicos Alexander von Humboldt. Occurrence dataset https://doi.org/10.15472/ikthxf accessed via GBIF.org on 2022-07-07.",CC BY-NC 4.0,16,0,https://doi.org/10.15472/ikthxf
"Ampela, K. and C. Bacon. 2017. SOCAL KB04, FZN1, FZN2 Marine Mammal Aerial Monitoring 2011-2012. Data downloaded from OBIS-SEAMAP (http://seamap.env.duke.edu/dataset/1423) on yyyy-mm-dd. https://doi.org/10.15468/afntwr accessed via GBIF.org on 2022-07-07.",CC BY 4.0,15,15,https://doi.org/10.15468/afntwr
"Barrera Zambrano V A (2018). Monitoreo de Murciélagos en la Etapa de Ejecución de las Obras de Ampliación del EPF Floreña, Yopal, Casanare. Version 2.5. Asociación de Becarios del Casanare. Occurrence dataset https://doi.org/10.15472/sh6wz7 accessed via GBIF.org on 2022-07-07.",CC BY-NC 4.0,15,0,https://doi.org/10.15472/sh6wz7
CONABIO. 2025. Naturalista. Comisión Nacional para el Conocimiento y Uso de la Biodiversidad (CONABIO). Bases de datos SNIB-CONABIO. Ciudad de México,CC BY-ND 4.0,15,15,
"Diaz Nieto J F, Quintana Vargas A (2021). Mamíferos de los bosques montanos del Oriente Antioqueño, Cañón del río Melcocho, en el municipio de El Carmen de Viboral, Antioquia - Proyecto Colombia BIO. Version 1.5. Instituto de Investigación de Recursos Biológicos Alexander von Humboldt. Occurrence dataset https://doi.org/10.15472/vzdgbq accessed via GBIF.org on 2022-07-07.",CC BY-NC 4.0,15,0,https://doi.org/10.15472/vzdgbq
"León-Pérez R. 2013. Monitoreo comunitario de mastofauna en corredores biológicos de Marqués de Comillas. Bases de datos SNIB-CONABIO, proyecto Z057. México, D. F.",CC BY 4.0,15,15,
"Martínez S B, Ladino F, Bessudo S (2021). Avistamiento de fauna marina desde la embarcación en la Expedición de Montes Submarinos 2021. Fundación Malpelo y Otros Ecosistemas Marinos. Occurrence dataset https://doi.org/10.15472/r2x4jf accessed via GBIF.org on 2022-07-07.",CC0 1.0,15,0,https://doi.org/10.15472/r2x4jf
"Braun J, King P (2022). Tissues Specimens. Sam Noble Oklahoma Museum of Natural History. Occurrence dataset https://doi.org/10.15468/5fmfwq accessed via GBIF.org on 2022-07-07.",CC0 1.0,14,14,https://doi.org/10.15468/5fmfwq
"Deck J, Gaither MR, Ewing R, Davies N, Meyer C, Riginos C, Toonen R, Crandall E. The Genomic Observatories Metadatabase (GeOMe): A new repository for field and sampling event metadata associated with genetic samples. Plos Biology In review. https://doi.org/10.15468/jaed1i accessed via GBIF.org on 2024-07-31.",CC0 1.0,14,0,https://doi.org/10.15468/jaed1i
"Galeano-Muñoz S, Borja-Acosta K (2021). Tejidos colectados en el páramo El Consuelo, Boyacá - Proyecto Boyacá BIO. Version 1.2. Instituto de Investigación de Recursos Biológicos Alexander von Humboldt. Occurrence dataset https://doi.org/10.15472/htvchi accessed via GBIF.org on 2022-07-07.",CC BY-NC 4.0,14,0,https://doi.org/10.15472/htvchi
"Instituto de Investigación de Recursos Biológicos Alexander von Humboldt, Agencia Nacional de Hidrocarburos (2022). Línea base general derivada de sonidos unidireccionales (espectro audible) para el valle medio del Magdalena - VMM. Version 1.1. Instituto de Investigación de Recursos Biológicos Alexander von Humboldt. Sampling event dataset https://doi.org/10.15472/spmvhh accessed via GBIF.org on 2022-07-07.",CC BY-NC 4.0,14,0,https://doi.org/10.15472/spmvhh
"Kienle S. 2021. Northern Elephant Seals Post-Molting 2017 Guadalupe Island, Mexico. Data downloaded from OBIS-SEAMAP (http://seamap.env.duke.edu/dataset/1488) on yyyy-mm-dd originated from Satellite Tracking and Analysis Tool (STAT; http://www.seaturtle.org/tracking/index.shtml?project_id=1268). https://doi.org/10.15468/hqqz6v accessed via GBIF.org on 2022-07-07.",CC BY-NC 4.0,14,14,https://doi.org/10.15468/hqqz6v
Knapp G (2012). ISU Mammals. Illinois State University. Occurrence dataset https://doi.org/10.15468/sqbpak accessed via GBIF.org on 2022-07-07.,CC0 1.0,14,14,https://doi.org/10.15468/sqbpak
"Valderrama Arcila C H, Pérez Medina S (2017). Tejidos colectados en la ventana de biodiversidad enclave Atuncela, municipio de Dagua, Valle del Cauca. Version 1.1. Instituto de Investigación de Recursos Biológicos Alexander von Humboldt. Occurrence dataset https://doi.org/10.15472/thmeht accessed via GBIF.org on 2022-07-07.",CC BY-NC 4.0,14,0,https://doi.org/10.15472/thmeht
"Vega Garcia H M, Tatis Bautista A (2022). Fauna presente en los monitoreos de las fincas de Agropecuaria Aliar S.A.. Agropecuaria Aliar S.A.. Occurrence dataset https://doi.org/10.15472/ohlqdy accessed via GBIF.org on 2022-07-07.",CC BY-NC 4.0,14,0,https://doi.org/10.15472/ohlqdy
"Whitehouse R, Gerhard D (2021). NYSM Mammals. Version 16.2. New York State Museum (NYSM). Occurrence dataset https://doi.org/10.15468/awwifu accessed via GBIF.org on 2022-07-07.",CC0 1.0,14,0,https://doi.org/10.15468/awwifu
"Bermudez Diaz M, Campo Carey S, Veloza T, Ramírez Hernández L M (2021). Biodiversidad asociada al gasoducto Loop Jobo-Majaguas. Version 1.1. Promigas S.A E.S.P. Occurrence dataset https://doi.org/10.15472/uzpdcl accessed via GBIF.org on 2022-07-07.",CC BY-NC 4.0,13,0,https://doi.org/10.15472/uzpdcl
"Borja-Acosta K G (2021). Tejidos de la expedición en el páramo el Valle, Boyacá - Proyecto Boyacá BIO. Version 1.2. Instituto de Investigación de Recursos Biológicos Alexander von Humboldt. Occurrence dataset https://doi.org/10.15472/6lu4v8 accessed via GBIF.org on 2022-07-07.",CC BY-NC 4.0,13,0,https://doi.org/10.15472/6lu4v8
"Gerrodette, T. 2004. SWFSC Marine Mammal Survey, MOPS 1987, Cruise 1080. Data downloaded from OBIS-SEAMAP (http://seamap.env.duke.edu/dataset/191) on yyyy-mm-dd. https://doi.org/10.15468/ettwct accessed via GBIF.org on 2024-07-31.",CC BY-NC 4.0,13,0,https://doi.org/10.15468/ettwct
"Kamminga P, Creuwels J (2022). Naturalis Biodiversity Center (NL) - Mammalia. Naturalis Biodiversity Center. Occurrence dataset https://doi.org/10.15468/d7gugd accessed via GBIF.org on 2022-07-07.",CC0 1.0,13,1,https://doi.org/10.15468/d7gugd
"Revelo Salazar J V, Martínez M M (2019). Caracterización biológica de la ventana de biodiversidad Río Guamués, corregimiento El Encano, Municipio de Pasto, Nariño, Colombia. Version 2.2. Instituto de Investigación de Recursos Biológicos Alexander von Humboldt. Occurrence dataset https://doi.org/10.15472/7tk1wz accessed via GBIF.org on 2022-07-07.",CC BY-NC 4.0,13,0,https://doi.org/10.15472/7tk1wz
"Beltrán Vergara D F, Beltrán Rojas J P (2018). Caracterización faunística de la Reserva Forestal Protectora Regional Brisas del Rincón. Corpoguavio - Corporación Autónoma Regional del Guavio. Occurrence dataset https://doi.org/10.15472/akoynt accessed via GBIF.org on 2022-07-07.",CC0 1.0,12,0,https://doi.org/10.15472/akoynt
"Infraestructura Institucional de Datos e Información, Borja-Acosta K G (2021). Tejidos colectados en la expedición al municipio Santa Bárbara, Santander - Proyecto Santander BIO. Version 1.4. Instituto de Investigación de Recursos Biológicos Alexander von Humboldt. Occurrence dataset https://doi.org/10.15472/gjkdo4 accessed via GBIF.org on 2022-07-07.",CC BY-NC 4.0,12,0,https://doi.org/10.15472/gjkdo4
"Inventaire National du Patrimoine Naturel (2016). CardObs : Observations naturalistes issues de l'outil CardObs-Données Mammifères marins issues de la bibliographie. UMS PatriNat (OFB-CNRS-MNHN), Paris. Occurrence dataset https://doi.org/10.15468/crcisd accessed via GBIF.org on 2024-08-06.",CC BY 4.0,12,0,https://doi.org/10.15468/crcisd
"Pauwels O, Samyn Y, Vandenberghe T (2021). RBINS DaRWIN. Royal Belgian Institute of Natural Sciences. Occurrence dataset https://doi.org/10.15468/qxy4mc accessed via GBIF.org on 2022-07-07.",CC BY-NC 4.0,12,0,https://doi.org/10.15468/qxy4mc
"Plazas Yunda L L, Barragan A A, Robayo W, Parra A, Raigozo O, Perdomo J E, Sanchez W, García Y (2020). Monitoreo del oso andino en el Parque Nacional Natural Cordillera de los Picachos - julio y agosto de 2018. Parques Nacionales Naturales de Colombia. Occurrence dataset https://doi.org/10.15472/i5jkyb accessed via GBIF.org on 2022-07-07.",CC BY 4.0,12,0,https://doi.org/10.15472/i5jkyb
"Jacob S (2017). California State University, Long Beach Mammals. California State University, Long Beach. Occurrence dataset https://doi.org/10.15468/iw3g35 accessed via GBIF.org on 2022-07-07.",CC0 1.0,11,0,https://doi.org/10.15468/iw3g35
"Maughan, B. and K. Arnold. 2010. UK Royal Navy Marine Mammal Observations. Data downloaded from OBIS-SEAMAP (http://seamap.env.duke.edu/dataset/64) on yyyy-mm-dd. https://doi.org/10.15468/6zsrhp accessed via GBIF.org on 2022-07-07.",CC BY-NC 4.0,11,1,https://doi.org/10.15468/6zsrhp
"Nelson A, Johnson N (2018). Ohio State University Tetrapod Division - Mammal Collection (OSUM). Version 93.36. Museum of Biological Diversity, The Ohio State University. Occurrence dataset https://doi.org/10.15468/jyhwea accessed via GBIF.org on 2022-07-07.",CC BY 4.0,11,0,https://doi.org/10.15468/jyhwea
"Pauwels O, Vandenberghe T (2021). Royal Belgian Institute of Natural Sciences Mammal collection. Royal Belgian Institute of Natural Sciences. Occurrence dataset https://doi.org/10.15468/hsh877 accessed via GBIF.org on 2022-07-07.",CC BY-NC 4.0,11,0,https://doi.org/10.15468/hsh877
Vellinga W (2024). Xeno-canto - Chiroptera sounds from around the world. Xeno-canto Foundation for Nature Sounds. Occurrence dataset https://doi.org/10.15468/hfrnn3 accessed via GBIF.org on 2024-07-31.,CC BY-NC 4.0,11,11,https://doi.org/10.15468/hfrnn3
iNaturalistMX. Disponible en https://mexico.inaturalist.org. Acceso 16 de febrero de 2024,CC BY-ND 4.0,11,11,
"Barrera Zambrano V A (2018). Inventarios de Murciélagos Pauto M, La Primavera, Yopal, Casanare. Version 2.1. Asociación de Becarios del Casanare. Occurrence dataset https://doi.org/10.15472/ooqjzn accessed via GBIF.org on 2022-07-07.",CC BY-NC 4.0,10,0,https://doi.org/10.15472/ooqjzn
"Peláez Sánchez E (2020). Ahuyentamiento, rescate y reubicación de fauna en el área de influencia directa del proyecto Hidroeléctrico Mulatos II. Version 1.2. Universidad Católica de Oriente. Occurrence dataset https://doi.org/10.15472/bklv5g accessed via GBIF.org on 2022-07-07.",CC0 1.0,10,0,https://doi.org/10.15472/bklv5g
"Arango Buitrago C M, Morales Torres M (2020). Caracterización de vertebrados terrestres en el Cerro Guadalupe, municipio de Manzanares. Fundación Cerro Bravo. Occurrence dataset https://doi.org/10.15472/zkelpw accessed via GBIF.org on 2022-07-07.",CC BY-NC 4.0,9,0,https://doi.org/10.15472/zkelpw
"Caicedo Herrera D (2022). Mamíferos, aves y peces de la Isla Cayo Serrana durante la Expedición Seaflower 2016 - Proyecto Colombia BIO. Version 2.6. Fundación Omacha. Occurrence dataset https://doi.org/10.15472/8r4rkx accessed via GBIF.org on 2022-07-07.",CC BY 4.0,9,0,https://doi.org/10.15472/8r4rkx
"Herrera G A, López M F, Cortés León C, Paramero Mesa R, Guzmán J M, Díaz J D, Imbachi Samboní D, Javier Roncancio N, Vélez Vanegas L A (2021). Densidad poblacional de fauna, mediante el uso de cámaras trampa en el PNN Cueva de los Guácharos. Version 1.2. Parques Nacionales Naturales de Colombia. Sampling event dataset https://doi.org/10.15472/vgleuw accessed via GBIF.org on 2022-07-07.",CC BY-NC 4.0,9,0,https://doi.org/10.15472/vgleuw
"Hyrenbach, D., F. Huettmann and J. Chardine. 2012. PIROP Northwest Atlantic 1965-1992. Data downloaded from OBIS-SEAMAP (http://seamap.env.duke.edu/dataset/280) on yyyy-mm-dd. https://doi.org/10.15468/udngb7 accessed via GBIF.org on 2022-07-07.",CC BY-NC 4.0,9,9,https://doi.org/10.15468/udngb7
Kalthoff D C (2025). NRM-Mammals. Swedish Museum of Natural History. Occurrence dataset https://doi.org/10.15468/sb6fcq accessed via GBIF.org on 2025-09-01.,CC BY 4.0,9,9,https://doi.org/10.15468/sb6fcq
"Manterola y Piña C. 1999. Monitoreo de las poblaciones de borrego cimarrón (Ovis canadensis weemsi) en Baja California Sur, México. Unidos para la Conservación A. C. Bases de datos SNIB-CONABIO, proyecto Q031. México, D. F.",CC BY 4.0,9,9,
"Ortiz Gomez E P, CORPOGUAVIO C A R D G (2019). Caracterización faunística de los humedales San Ricardo, San Roque y La Argentina en el municipio de Guasca, Cundinamarca. Corpoguavio - Corporación Autónoma Regional del Guavio. Occurrence dataset https://doi.org/10.15472/5d8i5c accessed via GBIF.org on 2022-07-07.",CC BY 4.0,9,0,https://doi.org/10.15472/5d8i5c
"Antonio S., Barbosa-Nieto B., Barrera-Diaz I. C., Fernández-García V. J., Gámez-López J. E., Martínez-Castillo I. A. Téllez-Escalante A. P., Tonácatl-Ocotl J. J., Vega-Tapia L. E., Aguilar-Campos P. y Sustersick-Lozada L F.  2025. Programa de monitoreo y evaluación de la biodiversidad de TQPM en Villa Allende, Coatzacoalcos, Ver. INERCO. Bases de datos SNIB-CONABIO, proyecto Z074. México, Ciudad de México",CC BY 4.0,8,8,
"Moya Robledo J, Bonilla Urrutia N S, Cuesta Ríos E Y (2018). Caracterización Ecológica de la Fauna del Páramo de Tatamá. Version 1.4. Instituto de Investigaciones Ambientales del Pacífico John Von Neumann - IIAP. Occurrence dataset https://doi.org/10.15472/v6cmhw accessed via GBIF.org on 2022-07-07.",CC BY-NC 4.0,8,0,https://doi.org/10.15472/v6cmhw
Urrutia N S (2018). Mamíferos de un Área Degradada por Actividad Minera en la Costa Caucana. Version 2.0. Instituto de Investigaciones Ambientales del Pacífico John Von Neumann - IIAP. Occurrence dataset https://doi.org/10.15472/mnyphb accessed via GBIF.org on 2022-07-07.,CC BY-NC 4.0,8,0,https://doi.org/10.15472/mnyphb
"Andrade J, Cárdenas Arévalo G, Cabrejo Bello J A, Pérez N E, Pérez D K, Mondragón S P, Galindo X A, Lopera Toro A, Cárdenas Bautista J S, Parada Alfonso J A, González Sanabria J S, Morales Puentes M E (2021). Grupos faunisticos de la expedición El Valle - Proyecto Boyacá BIO UPTC. Version 1.2. Universidad Pedagógica y Tecnológica de Colombia. Occurrence dataset https://doi.org/10.15472/2vdb3p accessed via GBIF.org on 2022-07-07.",CC BY 4.0,7,0,https://doi.org/10.15472/2vdb3p
"Andrade J, Pérez N E, Pérez D K, Lopera Toro A, Mondragón S P, Galindo X A, Cárdenas Bautista J S, Parada Alfonso J A, González Sanabria J S, Morales Puentes M E (2021). Grupos faunístios de la expedición El Consuelo - Proyecto Boyacá BIO. Version 1.3. Universidad Pedagógica y Tecnológica de Colombia. Occurrence dataset https://doi.org/10.15472/r3mnss accessed via GBIF.org on 2022-07-07.",CC BY 4.0,7,0,https://doi.org/10.15472/r3mnss
"Barrera Zambrano V A (2018). Inventario de Murciélagos  en la Finca la Reserva, El Perico, Yopal, Casanare. Version 2.1. Asociación de Becarios del Casanare. Occurrence dataset https://doi.org/10.15472/tk33ki accessed via GBIF.org on 2022-07-07.",CC BY-NC 4.0,7,0,https://doi.org/10.15472/tk33ki
"Fernández-Manrique J, Murillo Pacheco R, Morales Rozo ULlanos A (2021). Fauna silvestre rescatada por Cormacarena y evaluada por la Universidad de los Llanos. Version 2.1. Universidad de los Llanos. Occurrence dataset https://doi.org/10.15472/ntwgfy accessed via GBIF.org on 2022-07-07.",CC BY-NC 4.0,7,0,https://doi.org/10.15472/ntwgfy
Happywhale. 2021. Happywhale - Fin Whale in North Pacific Ocean. Data downloaded from OBIS-SEAMAP (http://seamap.env.duke.edu/dataset/1751) on yyyy-mm-dd originated from Happywhale.com. https://doi.org/10.15468/fs2qdu accessed via GBIF.org on 2022-07-07.,CC0 1.0,7,7,https://doi.org/10.15468/fs2qdu
Robbins J. 2021. Gulf of Maine humpback whale satellite tagging project: 2018. Data downloaded from OBIS-SEAMAP (http://seamap.env.duke.edu/dataset/1919) on yyyy-mm-dd originated from Satellite Tracking and Analysis Tool (STAT; http://www.seaturtle.org/tracking/index.shtml?project_id=1331). https://doi.org/10.15468/p3m9sz accessed via GBIF.org on 2022-07-07.,CC BY-NC 4.0,7,0,https://doi.org/10.15468/p3m9sz
"Carling M, Wommack E (2022). University of Wyoming Museum of Vertebrates (UWYMV) Mammal Collection (Arctos). Version 31.65. University of Wyoming Museum of Vertebrates. Occurrence dataset https://doi.org/10.15468/2xhucd accessed via GBIF.org on 2022-07-07.",CC0 1.0,6,5,https://doi.org/10.15468/2xhucd
"Ecopetrol. S.A., Instituto de Investigación de Recursos Biológicos Alexander von Humboldt (2022). Sonidos de la Ecoreserva predio ASA (Acacias, Meta) - Proyecto FIBRAS. Version 1.3. Instituto de Investigación de Recursos Biológicos Alexander von Humboldt. Occurrence dataset https://doi.org/10.15472/fz1l6w accessed via GBIF.org on 2022-07-07.",CC BY-NC 4.0,6,0,https://doi.org/10.15472/fz1l6w
"Forero Céspedes A M, Galeano C, García Herrera L V, Huertas K, Losada Prado S, Paez K, Poveda Cuéllar J L, Reinoso Flórez G, Rodriguez K, Sanchez N, Vaquiero C, Vega N, Poveda Cabezas L F (2022). Biota presente en el humedal Turbera de Alfombrales, departamento del Tolima. Cortolima - Corporación Autónoma Regional del Tolima. Occurrence dataset https://doi.org/10.15472/javqdy accessed via GBIF.org on 2022-07-07.",CC BY 4.0,6,0,https://doi.org/10.15472/javqdy
"Gutierrez L A, Castro Merchán A (2021). Caracterización biótica realizada para el estudio de impacto ambiental interacción de operaciones títulos mineros 4079, 1910T, 1913T y 02-004-98. Version 1.5. Biotica Consultores Ltda. Occurrence dataset https://doi.org/10.15472/1qiw6o accessed via GBIF.org on 2022-07-07.",CC BY 4.0,6,0,https://doi.org/10.15472/1qiw6o
Happywhale. 2021. Happywhale - Pantropical Spotted Dolphin in North Pacific Ocean. Data downloaded from OBIS-SEAMAP (http://seamap.env.duke.edu/dataset/1696) on yyyy-mm-dd originated from Happywhale.com. https://doi.org/10.15468/pq54wr accessed via GBIF.org on 2022-07-07.,CC0 1.0,6,0,https://doi.org/10.15468/pq54wr
Happywhale. 2021. Happywhale - Short-finned Pilot Whale in North Pacific Ocean. Data downloaded from OBIS-SEAMAP (http://seamap.env.duke.edu/dataset/1713) on yyyy-mm-dd originated from Happywhale.com. https://doi.org/10.15468/r387wn accessed via GBIF.org on 2022-07-07.,CC0 1.0,6,6,https://doi.org/10.15468/r387wn
Spencer C (2022). MVZ Hildebrand Collection (Arctos). Version 36.65. Museum of Vertebrate Zoology. Occurrence dataset https://doi.org/10.15468/nzdbrf accessed via GBIF.org on 2022-07-07.,CC0 1.0,6,1,https://doi.org/10.15468/nzdbrf
"Forero Céspedes A M, Galeano C, García Herrera L V, Huertas K, Losada Prado S, Paez K, Poveda Cuéllar J L, Reinoso Flórez G, Rodriguez K, Sanchez N, Vaquiero C, Vega N, Poveda Cabezas L F (2022). Biota presente en el humedal laguna La Linda, departamento del Tolima. Version 2.0. Cortolima - Corporación Autónoma Regional del Tolima. Occurrence dataset https://doi.org/10.15472/jmh6j9 accessed via GBIF.org on 2022-07-07.",CC BY 4.0,5,0,https://doi.org/10.15472/jmh6j9
"Gerrodette, T. 2004. SWFSC Marine Mammal Survey, MOPS 1989, Cruise 1268. Data downloaded from OBIS-SEAMAP (http://seamap.env.duke.edu/dataset/201) on yyyy-mm-dd. https://doi.org/10.15468/d2v766 accessed via GBIF.org on 2024-07-31.",CC BY-NC 4.0,5,0,https://doi.org/10.15468/d2v766
Happywhale. 2021. Happywhale - Bryde''s whale in North Pacific Ocean. Data downloaded from OBIS-SEAMAP (http://seamap.env.duke.edu/dataset/1787) on yyyy-mm-dd originated from Happywhale.com. https://doi.org/10.15468/3way5y accessed via GBIF.org on 2022-07-07.,CC0 1.0,5,5,https://doi.org/10.15468/3way5y
Happywhale. 2021. Happywhale - Common Bottlenose Dolphin in North Atlantic Ocean. Data downloaded from OBIS-SEAMAP (http://seamap.env.duke.edu/dataset/1947) on yyyy-mm-dd originated from Happywhale.com. https://doi.org/10.15468/2m8x7j accessed via GBIF.org on 2022-07-07.,CC0 1.0,5,0,https://doi.org/10.15468/2m8x7j
Ladino F (2020): censo_visual_fmalpelo_yurupari. v1.1. Fundación Malpelo y Otros Ecosistemas Marinos. Dataset/Occurrence. https://ipt.biodiversidad.co/sib/resource?r=censo_visual_fmalpelo_yurupari&v=1.1 https://doi.org/10.15472/v3g8xq accessed via GBIF.org on 2022-07-07.,CC0 1.0,5,0,https://doi.org/10.15472/v3g8xq
"Lozano Flórez A J, Borja-Acosta K G (2021). Mamíferos de la expedición en el páramo El Valle, Boyacá - Proyecto Boyacá BIO. Version 1.4. Instituto de Investigación de Recursos Biológicos Alexander von Humboldt. Occurrence dataset https://doi.org/10.15472/3ihq2u accessed via GBIF.org on 2022-07-07.",CC BY-NC 4.0,5,0,https://doi.org/10.15472/3ihq2u
South Australian Museum (2023). South Australian Museum Adelaide provider for OZCAM. Occurrence dataset https://doi.org/10.15468/wz4rrh accessed via GBIF.org on 2024-07-31.,CC BY 4.0,5,0,https://doi.org/10.15468/wz4rrh
"Sydeman, W. 2015. CalCOFI and NMFS Seabird and Marine Mammal Observation Data, 1987-2006. Data downloaded from OBIS-SEAMAP (http://seamap.env.duke.edu/dataset/507) on yyyy-mm-dd. https://doi.org/10.15468/vk8phk accessed via GBIF.org on 2022-07-07.",CC BY-NC 4.0,5,5,https://doi.org/10.15468/vk8phk
Arizona State University Biocollections (2022). Arizona State University Mammalogy Collection. Occurrence dataset https://doi.org/10.15468/6yfhex accessed via GBIF.org on 2022-07-07.,CC0 1.0,4,4,https://doi.org/10.15468/6yfhex
"Cheeseman T, OBIS-SEAMAP (2025). Happywhale - Rough-toothed dolphin in North Pacific Ocean. Version 1.1. OBIS-SEAMAP. Occurrence dataset https://doi.org/10.15468/s8c23h accessed via GBIF.org on 2025-09-01.",CC0 1.0,4,4,https://doi.org/10.15468/s8c23h
"Douglas, A. 2012. CalCOFI marine mammal surveys 2004-2008 - on effort. Data downloaded from OBIS-SEAMAP (http://seamap.env.duke.edu/dataset/792) on yyyy-mm-dd. https://doi.org/10.15468/rykbmm accessed via GBIF.org on 2022-07-07.",CC BY-NC 4.0,4,4,https://doi.org/10.15468/rykbmm
"Gerrodette, T. 2004. SWFSC Marine Mammal Survey, MOPS 1986, Cruise 0990. Data downloaded from OBIS-SEAMAP (http://seamap.env.duke.edu/dataset/189) on yyyy-mm-dd. https://doi.org/10.15468/jdydkj accessed via GBIF.org on 2024-07-31.",CC BY-NC 4.0,4,0,https://doi.org/10.15468/jdydkj
Happywhale. 2021. Happywhale - Sperm Whale in North Atlantic Ocean. Data downloaded from OBIS-SEAMAP (http://seamap.env.duke.edu/dataset/1726) on yyyy-mm-dd originated from Happywhale.com. https://doi.org/10.15468/zrbjfg accessed via GBIF.org on 2022-07-07.,CC0 1.0,4,1,https://doi.org/10.15468/zrbjfg
Museums Victoria (2021). Museums Victoria provider for OZCAM. Occurrence dataset https://doi.org/10.15468/lp1ctu accessed via GBIF.org on 2022-07-07.,CC0 1.0,4,3,https://doi.org/10.15468/lp1ctu
New Brunswick Museum (2024). New Brunswick Museum - Mammals. Occurrence dataset https://doi.org/10.15468/8raqsw accessed via GBIF.org on 2024-07-31.,CC BY-NC 4.0,4,4,https://doi.org/10.15468/8raqsw
Pedraza A (2022). Registros esporádicos de fauna en las centrales de Enel en Cundinamarca y Bogotá. Enel Colombia. Occurrence dataset https://doi.org/10.15472/f6ybqq accessed via GBIF.org on 2022-07-07.,CC BY-NC 4.0,4,0,https://doi.org/10.15472/f6ybqq
"Quiroga M E, Ramírez Hernández L M (2021). Fauna y flora en las cercanías del gasoducto que alimenta la mina de Ferroníquel Cerro Matoso S.A.. Version 1.2. Cerro Matoso S.A. Occurrence dataset https://doi.org/10.15472/awk8uf accessed via GBIF.org on 2022-07-07.",CC BY 4.0,4,0,https://doi.org/10.15472/awk8uf
"Revelo Salazar J V, Martínez M M (2017). Tejidos de especimenes colectados en la ventana de biodiversidad Río Guamués, corregimiento El Encano, Municipio de Pasto, Nariño, Colombia. Version 2.1. Instituto de Investigación de Recursos Biológicos Alexander von Humboldt. Occurrence dataset https://doi.org/10.15472/mbsqwq accessed via GBIF.org on 2022-07-07.",CC BY-NC 4.0,4,0,https://doi.org/10.15472/mbsqwq
"Salazar Giraldo E, Vahos M, Restrepo D F, Caballero Echeverría V C, Martínez López P, Medina Martínez M C (2021). Registros de fauna asociados al estudio de actualización del plan de manejo para el Área de Recreación Parque Ecológico Cerro Nutibara. Área Metropolitana del Valle de Aburrá. Occurrence dataset https://doi.org/10.15472/qnxprx accessed via GBIF.org on 2022-10-03.",CC BY 4.0,4,0,https://doi.org/10.15472/qnxprx
Australian Museum (2021). Australian Museum provider for OZCAM. Occurrence dataset https://doi.org/10.15468/e7susi accessed via GBIF.org on 2022-07-07.,CC BY 4.0,3,0,https://doi.org/10.15468/e7susi
"Caballero S (2020). Tejidos de armadillo (Dasypus novemcinctus) colectados en el marco del Proyecto: Filogeografía, estructura poblacional y diversidad genética de armadillos. Version 1.1. Universidad de los Andes. Occurrence dataset https://doi.org/10.15472/mzdodt accessed via GBIF.org on 2022-07-07.",CC BY-NC 4.0,3,0,https://doi.org/10.15472/mzdodt
"Citizen Science Observation Dataset B, Tiago P (2020). Biodiversity4all Research-Grade Observations. BioDiversity4All. Occurrence dataset https://doi.org/10.15468/njmmp7 accessed via GBIF.org on 2022-07-07.",CC BY-NC 4.0,3,3,https://doi.org/10.15468/njmmp7
Fahy K (2016). SBMNH Vertebrate Zoology. Version 5.1. Santa Barbara Museum of Natural History. Occurrence dataset https://doi.org/10.15468/amfnkq accessed via GBIF.org on 2024-07-31.,CC0 1.0,3,0,https://doi.org/10.15468/amfnkq
"Forero Céspedes A M, Galeano C, García Herrera L V, Huertas K, Losada Prado S, Paez K, Poveda Cuéllar J L, Reinoso Flórez G, Rodriguez K, Sanchez N, Vaquiero C, Vega N, Poveda Cabezas L F (2022). Biota presente en el humedal laguna El Meridiano, departamento del Tolima. Cortolima - Corporación Autónoma Regional del Tolima. Occurrence dataset https://doi.org/10.15472/9oqa8j accessed via GBIF.org on 2022-07-07.",CC BY 4.0,3,0,https://doi.org/10.15472/9oqa8j
"Gerrodette, T. 2004. SWFSC Marine Mammal Survey, MOPS 1990, Cruise 1370. Data downloaded from OBIS-SEAMAP (http://seamap.env.duke.edu/dataset/205) on yyyy-mm-dd. https://doi.org/10.15468/g6gsk9 accessed via GBIF.org on 2024-07-31.",CC BY-NC 4.0,3,0,https://doi.org/10.15468/g6gsk9
Happywhale. 2021. Happywhale - Atlantic Spotted Dolphin in North Atlantic Ocean. Data downloaded from OBIS-SEAMAP (http://seamap.env.duke.edu/dataset/1805) on yyyy-mm-dd originated from Happywhale.com. https://doi.org/10.15468/j2ub3p accessed via GBIF.org on 2022-07-07.,CC0 1.0,3,2,https://doi.org/10.15468/j2ub3p
Happywhale. 2021. Happywhale - Short-finned Pilot Whale in North Atlantic Ocean. Data downloaded from OBIS-SEAMAP (http://seamap.env.duke.edu/dataset/1712) on yyyy-mm-dd originated from Happywhale.com. https://doi.org/10.15468/ud6r9a accessed via GBIF.org on 2022-07-07.,CC0 1.0,3,0,https://doi.org/10.15468/ud6r9a
"Hill M C, OBIS-SEAMAP (2023). PIFSC & SWFSC, Cetacean Survey, HICEAS 2010, Cruise 1641, NOAA Pacific Islands Fisheries Science Center. Version 1.1. OBIS-SEAMAP. Occurrence dataset https://doi.org/10.15468/w9c7a3 accessed via GBIF.org on 2024-07-31.",CC BY-NC 4.0,3,0,https://doi.org/10.15468/w9c7a3
"Khidas K, Blades R (2024). Canadian Museum of Nature Mammal Collection. Version 1.142. Canadian Museum of Nature. Occurrence dataset https://doi.org/10.15468/okgapc accessed via GBIF.org on 2024-07-31.",CC BY 4.0,3,0,https://doi.org/10.15468/okgapc
"Krohn A (2022). Kenneth S. Norris Center for Natural History, University of California, Santa Cruz (UCSC) Mammal specimens (Arctos). Version 1.31. Kenneth S. Norris Center for Natural History. Occurrence dataset https://doi.org/10.15468/papslg accessed via GBIF.org on 2022-07-07.",CC0 1.0,3,3,https://doi.org/10.15468/papslg
"Lanfredi, C. and G. Notarbartolo di Sciara. 2014. Tethys Research Institute shipboard survey cetacean sightings 1986-2012. Data downloaded from OBIS-SEAMAP (http://seamap.env.duke.edu/dataset/774) on yyyy-mm-dd. https://doi.org/10.15468/j4vfkj accessed via GBIF.org on 2022-07-07.",CC BY-NC 4.0,3,0,https://doi.org/10.15468/j4vfkj
"Matson J O, Ordóñez-Garza N, plazi (2017). The taxonomic status of Long-tailed shrews (Mammalia: genus Sorex) from Nuclear Central America. Plazi.org taxonomic treatments database. Checklist dataset https://doi.org/10.11646/zootaxa.4236.3.3 accessed via GBIF.org on 2022-07-07.",CC0 1.0,3,0,https://doi.org/10.11646/zootaxa.4236.3.3
Museum für Naturkunde Berlin. Anymals+plants - Citizen Science Data. Occurrence dataset https://doi.org/10.15468/ee6ps6 accessed via GBIF.org on 2022-07-07.,CC BY-NC 4.0,3,0,https://doi.org/10.15468/ee6ps6
"Siles L, Baker R J, Agosti D (2020). Revision of the pale-bellied Micronycteris Gray, 1866 (Chiroptera, Phyllostomidae) with descriptions of two new species. Plazi.org taxonomic treatments database. Checklist dataset https://doi.org/10.1111/jzs.12388 accessed via GBIF.org on 2022-07-07.",CC0 1.0,3,0,https://doi.org/10.1111/jzs.12388
"Smultea, M. and C. Bacon. 2017. SOCAL Marine Mammal Aerial Monitoring 2010. Data downloaded from OBIS-SEAMAP (http://seamap.env.duke.edu/dataset/1467) on yyyy-mm-dd. https://doi.org/10.15468/pj563y accessed via GBIF.org on 2022-07-07.",CC BY 4.0,3,3,https://doi.org/10.15468/pj563y
United States Geological Survey: USGS Patuxent Wildlife Research Center Seabirds Compendium https://doi.org/10.15468/w2vk7x accessed via GBIF.org on 2022-07-07.,CC0 1.0,3,0,https://doi.org/10.15468/w2vk7x
"Alcérreca-Aguirre C. 2000. Aprovechamiento de venado cola blanca (Odocoileus virginianus) como estrategia para conservar áreas forestadas en la zona maya: Reserva Ría Lagartos, Yucatán. Biocenosis A. C. Bases de datos SNIB-CONABIO (Odocoileus virginianus y plantas), proyecto M029. México, D. F.",CC BY 4.0,2,2,
"Ampela, K. and C. Bacon. 2017. SOCAL FZN4 Marine Mammal Aerial Monitoring 2013. Data downloaded from OBIS-SEAMAP (http://seamap.env.duke.edu/dataset/1421) on yyyy-mm-dd. https://doi.org/10.15468/7td588 accessed via GBIF.org on 2022-07-07.",CC BY 4.0,2,2,https://doi.org/10.15468/7td588
"Barlow J, Moore J, OBIS-SEAMAP (2022). SWFSC Marine Mammal Survey, ORCAWALE 2008, Cruise 1635. Version 1.7. OBIS-SEAMAP. Occurrence dataset https://doi.org/10.15468/eezpu6 accessed via GBIF.org on 2022-07-07.",CC BY-NC 4.0,2,2,https://doi.org/10.15468/eezpu6
"Borja-Acosta K G, Ospina-L. A M (2021). Sonidos de aves, anfibios, mamíferos e insectos del departamento de Santander - Proyecto Santander BIO. Version 1.1. Instituto de Investigación de Recursos Biológicos Alexander von Humboldt. Occurrence dataset https://doi.org/10.15472/bmvsqn accessed via GBIF.org on 2022-07-07.",CC BY-NC 4.0,2,0,https://doi.org/10.15472/bmvsqn
Braker E (2022). UCM Mammal Collection (Arctos). University of Colorado Museum of Natural History. Occurrence dataset https://doi.org/10.15468/rwtmwf accessed via GBIF.org on 2022-07-07.,CC0 1.0,2,2,https://doi.org/10.15468/rwtmwf
"Cheeseman T, OBIS-SEAMAP (2024). Happywhale - Dwarf sperm whale in North Pacific Ocean. Version 1.2. OBIS-SEAMAP. Occurrence dataset https://doi.org/10.15468/96tx42 accessed via GBIF.org on 2024-07-31.",CC0 1.0,2,2,https://doi.org/10.15468/96tx42
"Colmenares-Pinzón J E, plazi (2021). Calling for a reassessment of rodent diversity in Colombia: description of a new species of Neacomys (Cricetidae: Oryzomyini) from the Magdalena Valley, with a new phylogenetic hypothesis for the genus and comments on its diversification. Plazi.org taxonomic treatments database. Checklist dataset https://doi.org/10.11646/zootaxa.4920.4.1 accessed via GBIF.org on 2022-07-07.",CC0 1.0,2,0,https://doi.org/10.11646/zootaxa.4920.4.1
"Cárdenas Arévalo G, Paternina Hernández A, Samudio H, Lopera Toro A, Cárdenas Bautista J S, Galindo X A, Mondragón S P, Pérez N E, Pérez D K, Parada Alfonso J A, González Sanabria J S, Morales Puentes M E (2021). Grupos faunísticos de la expedición Ocetá - Proyecto Boyacá BIO UPTC. Version 1.1. Universidad Pedagógica y Tecnológica de Colombia. Occurrence dataset https://doi.org/10.15472/m6s0lh accessed via GBIF.org on 2022-07-07.",CC BY 4.0,2,0,https://doi.org/10.15472/m6s0lh
"DFO. (2022).  DFO Maritimes Region Cetacean Sightings. Version 9 In OBIS Canada Digital Collections. Bedford Institute of Oceanography, Dartmouth, NS, Canada. Published by OBIS, Digital http://www.iobis.org/. Accessed on –INSERT DATE https://doi.org/10.25607/xjo4dj accessed via GBIF.org on 2022-07-07.",CC BY 4.0,2,0,https://doi.org/10.25607/xjo4dj
Ekström J (2022). Lund Museum of Zoology (MZLU). GBIF-Sweden. Metadata dataset https://doi.org/10.15468/mw39rb accessed via GBIF.org on 2022-10-03.,CC BY-NC 4.0,2,0,https://doi.org/10.15468/mw39rb
"Forero Céspedes A M, Galeano C, García Herrera L V, Huertas K, Losada Prado S, Paez K, Poveda Cuéllar J L, Reinoso Flórez G, Rodriguez K, Sanchez N, Vaquiero C, Vega N, Poveda Cabezas L F (2022). Biota presente en el humedal laguna Gavilán, departamento del Tolima. Cortolima - Corporación Autónoma Regional del Tolima. Occurrence dataset https://doi.org/10.15472/jykisq accessed via GBIF.org on 2022-07-07.",CC BY 4.0,2,0,https://doi.org/10.15472/jykisq
Frost Entomological Museum (2022). Frost Entomological Museum. Occurrence dataset https://doi.org/10.15468/epw1ws accessed via GBIF.org on 2022-07-07.,CC0 1.0,2,0,https://doi.org/10.15468/epw1ws
"Garrison L, OBIS-SEAMAP (2021). SEFSC Atlantic surveys 1992. Version 2.6. OBIS-SEAMAP. Occurrence dataset https://doi.org/10.15468/6jjutx accessed via GBIF.org on 2022-07-07.",CC BY-NC 4.0,2,0,https://doi.org/10.15468/6jjutx
"Garrison, L. 2013. SEFSC GoMex Oceanic 1993 (S). Data downloaded from OBIS-SEAMAP (http://seamap.env.duke.edu/dataset/17) on yyyy-mm-dd. https://doi.org/10.15468/d94krv accessed via GBIF.org on 2022-07-07.",CC BY-NC 4.0,2,1,https://doi.org/10.15468/d94krv
Happywhale. 2021. Happywhale - Pantropical Spotted Dolphin in North Atlantic Ocean. Data downloaded from OBIS-SEAMAP (http://seamap.env.duke.edu/dataset/2110) on yyyy-mm-dd originated from Happywhale.com. https://doi.org/10.15468/ejxzkn accessed via GBIF.org on 2022-07-07.,CC0 1.0,2,0,https://doi.org/10.15468/ejxzkn
Happywhale. 2021. Happywhale - Short-beaked Common Dolphin in North Pacific Ocean. Data downloaded from OBIS-SEAMAP (http://seamap.env.duke.edu/dataset/1698) on yyyy-mm-dd originated from Happywhale.com. https://doi.org/10.15468/75a6r5 accessed via GBIF.org on 2022-07-07.,CC0 1.0,2,1,https://doi.org/10.15468/75a6r5
Happywhale. 2021. Happywhale - Spinner Dolphin in North Pacific Ocean. Data downloaded from OBIS-SEAMAP (http://seamap.env.duke.edu/dataset/1695) on yyyy-mm-dd originated from Happywhale.com. https://doi.org/10.15468/tp5ss8 accessed via GBIF.org on 2022-07-07.,CC0 1.0,2,0,https://doi.org/10.15468/tp5ss8
"Hårsaker K, Gätzschmann P (2022). Mammal collection NTNU University Museum. Version 1.994. Norwegian University of Science and Technology. Occurrence dataset https://doi.org/10.15468/noujkc accessed via GBIF.org on 2022-07-07.",CC BY 4.0,2,1,https://doi.org/10.15468/noujkc
"Lozano Flórez A J, Borja-Acosta K G (2021). Mamíferos de la expedición en el páramo El Consuelo, Boyacá - Proyecto Boyacá BIO. Version 1.4. Instituto de Investigación de Recursos Biológicos Alexander von Humboldt. Occurrence dataset https://doi.org/10.15472/c9ovuv accessed via GBIF.org on 2022-07-07.",CC BY-NC 4.0,2,0,https://doi.org/10.15472/c9ovuv
NSW Department of Primary Industries (2024). NSW DPI Biosecurity Collections. Occurrence dataset https://doi.org/10.15468/7k7b25 accessed via GBIF.org on 2024-07-31.,CC BY 4.0,2,2,https://doi.org/10.15468/7k7b25
Nicholson K E (2017). MCNH Museum of Cultural and Natural History Mammals Collection. Version 1.10. Museum of Cultural and Natural History - Central Michigan University. Occurrence dataset https://doi.org/10.15468/whh1aw accessed via GBIF.org on 2022-07-07.,CC0 1.0,2,1,https://doi.org/10.15468/whh1aw
"Pozo-de la Tijera M. del C. 1998. Elaboración del banco de datos de las colecciones del Museo de Zoología-CIQRO. Unidad Chetumal. El Colegio de la Frontera Sur. Bases de datos SNIB-CONABIO, proyecto P028. México, D. F.",CC BY 4.0,2,2,
Pyle R (2016). Bernice P. Bishop Museum. Version 8.1. Bernice Pauahi Bishop Museum. Occurrence dataset https://doi.org/10.15468/s6ctus accessed via GBIF.org on 2022-07-07.,CC0 1.0,2,2,https://doi.org/10.15468/s6ctus
"Scholes III, Ph.D. E (2015). Macaulay Library Audio and Video Collection. Cornell Lab of Ornithology. Occurrence dataset https://doi.org/10.15468/ckcdpy accessed via GBIF.org on 2024-07-31.",CC0 1.0,2,0,https://doi.org/10.15468/ckcdpy
"Servín-Martínez J. I. 1999. Ecología y comportamiento de algunos mamíferos carnívoros del Bolsón de Mapimí, Durango. Instituto de Ecología. Bases de datos SNIB-CONABIO, proyecto H225. México, D. F.",CC BY 4.0,2,2,
United States Geological Survey: Fish assemblages across artificial and natural reefs in Puerto Rico https://doi.org/10.15468/8ru86j accessed via GBIF.org on 2022-07-07.,CC0 1.0,2,0,https://doi.org/10.15468/8ru86j
Unitt P (2020). SDNHM Mammology Collection. Version 1.3. San Diego Natural History Museum. Occurrence dataset https://doi.org/10.15468/estih7 accessed via GBIF.org on 2024-07-31.,CC0 1.0,2,0,https://doi.org/10.15468/estih7
"Ávila-Palma H D, Turcios-Casco M A, Bautista D J O, Martínez M, Ordoñez-Mazier D I, plazi (2019). First records of Mimon cozumelae Goldman, 1914 (Chiroptera, Phyllostomidae) in the Río Plátano Biosphere Reserve in northeastern Honduras. Plazi.org taxonomic treatments database. Checklist dataset https://doi.org/10.15560/15.6.1113 accessed via GBIF.org on 2022-07-07.",CC0 1.0,2,0,https://doi.org/10.15560/15.6.1113
"Baker E, Rycroft S. BioAcoustica: Wildlife Sounds Database. Scratchpads. Checklist dataset https://doi.org/10.5519/0040999 accessed via GBIF.org on 2022-07-07.",CC BY 4.0,1,0,https://doi.org/10.5519/0040999
"Ballance L, Moore J, OBIS-SEAMAP (2022). SWFSC Marine Mammal Survey, STAR 2003, Cruise 1623. Version 2.0. OBIS-SEAMAP. Occurrence dataset https://doi.org/10.15468/3xyrmb accessed via GBIF.org on 2024-07-31.",CC BY-NC 4.0,1,0,https://doi.org/10.15468/3xyrmb
Barragán Barrera D C (2021). Mamíferos marinos de la Reserva de Biósfera Seaflower - Proyecto Colombia BIO. Version 2.4. Fundación Macuáticos Colombia. Occurrence dataset https://doi.org/10.15472/uzo3mq accessed via GBIF.org on 2022-07-07.,CC BY 4.0,1,0,https://doi.org/10.15472/uzo3mq
"Barrera Zambrano V A (2021). Registro de Ateles belzebuth (mono araña) en el municipio de Yopal, departamento de Casanare. Version 2.3. Asociación de Becarios del Casanare. Occurrence dataset https://doi.org/10.15472/0ddgq2 accessed via GBIF.org on 2022-07-07.",CC BY-NC 4.0,1,0,https://doi.org/10.15472/0ddgq2
"Bolanos J, OBIS-SEAMAP (2021). Presence of long-beaked common dolphins off central-western Venezuela, 2008-2011. OBIS-SEAMAP. Occurrence dataset https://doi.org/10.15468/znmf8h accessed via GBIF.org on 2022-07-07.",CC BY 4.0,1,0,https://doi.org/10.15468/znmf8h
"Bonaccorso F, plazi (2019). Family Emballonuridae (Sheath-tailed Bats). Plazi.org taxonomic treatments database. Checklist dataset https://doi.org/10.5281/zenodo.3740269 accessed via GBIF.org on 2022-07-07.",CC0 1.0,1,0,https://doi.org/10.5281/zenodo.3740269
"Bonilla Urrutia N S, Vargas Porras L (2020). Vertebrados terrestres asociados a los rios Napi y San Francisco, departamento del Cauca, 2018. Instituto de Investigaciones Ambientales del Pacífico John Von Neumann - IIAP. Occurrence dataset https://doi.org/10.15472/bjf6ny accessed via GBIF.org on 2022-07-07.",CC BY-NC 4.0,1,0,https://doi.org/10.15472/bjf6ny
"Borja-Acosta K G (2021). Tejidos de la expedición en el páramo de Ocetá, Boyacá - Proyecto Boyacá BIO. Version 2.2. Instituto de Investigación de Recursos Biológicos Alexander von Humboldt. Occurrence dataset https://doi.org/10.15472/opjmey accessed via GBIF.org on 2022-07-07.",CC BY-NC 4.0,1,0,https://doi.org/10.15472/opjmey
"Cheeseman T, OBIS-SEAMAP (2024). Happywhale - Galpagos fur seal in North Pacific Ocean. Version 1.2. OBIS-SEAMAP. Occurrence dataset https://doi.org/10.15468/yqne93 accessed via GBIF.org on 2024-07-31.",CC0 1.0,1,1,https://doi.org/10.15468/yqne93
"Dobosz R (2024). USMB Osteology. Version 1.2. Upper Silesian Museum, Bytom. Occurrence dataset https://doi.org/10.15468/kcc2kg accessed via GBIF.org on 2024-07-31.",CC BY-NC 4.0,1,1,https://doi.org/10.15468/kcc2kg
"Douglas, A. 2012. CalCOFI marine mammal surveys 2004-2008 - off effort. Data downloaded from OBIS-SEAMAP (http://seamap.env.duke.edu/dataset/794) on yyyy-mm-dd. https://doi.org/10.15468/kucz3f accessed via GBIF.org on 2022-07-07.",CC BY-NC 4.0,1,1,https://doi.org/10.15468/kucz3f
"Ford, G. and J. Casey. 2013. MMS High Altitude Survey 1980-1983. Data downloaded from OBIS-SEAMAP (http://seamap.env.duke.edu/dataset/40) on yyyy-mm-dd. https://doi.org/10.15468/9szr5g accessed via GBIF.org on 2022-07-07.",CC BY-NC 4.0,1,1,https://doi.org/10.15468/9szr5g
Frier D (2022). Royal Saskatchewan Museum - Mammalogy Collection. Version 1.4. Royal Saskatchewan Museum. Occurrence dataset https://doi.org/10.5886/gwwhlv accessed via GBIF.org on 2022-07-07.,CC BY 4.0,1,0,https://doi.org/10.5886/gwwhlv
"Fundación Colombia Azul, NOVA Southern University & Florida International University (2019). Condrictios del atolón Albuquerque durante la Expedición Seaflower 2018 - Proyecto Colombia BIO. Versión 1.0. 106 registros, aportados por: Cardeñósa C, Clementi g y Logan R. Conjunto de datos/Registros biológicos. https://doi.org/10.15472/ywuiiq accessed via GBIF.org on 2022-07-07.",CC BY-NC 4.0,1,0,https://doi.org/10.15472/ywuiiq
"Ganong, J. 2012. TOPP Summary of SSM-derived Telemetry. Data downloaded from OBIS-SEAMAP (http://seamap.env.duke.edu/dataset/632) on yyyy-mm-dd. https://doi.org/10.15468/7zkca3 accessed via GBIF.org on 2024-07-31.",CC BY-NC 4.0,1,0,https://doi.org/10.15468/7zkca3
"Garrison L, OBIS-SEAMAP (2021). SEFSC Atlantic surveys, 1998 (3). OBIS-SEAMAP. Occurrence dataset https://doi.org/10.15468/n8pudd accessed via GBIF.org on 2022-07-07.",CC BY-NC 4.0,1,0,https://doi.org/10.15468/n8pudd
"Garrison, L. 2013. SEFSC GoMex Oceanic 1996. Data downloaded from OBIS-SEAMAP (http://seamap.env.duke.edu/dataset/25) on yyyy-mm-dd. https://doi.org/10.15468/zkaets accessed via GBIF.org on 2022-07-07.",CC BY-NC 4.0,1,0,https://doi.org/10.15468/zkaets
"Gratacós Teixidor G, Feo Quer C (2019). Museu Darder de Banyoles. Version 2.1. Darder Natural History Museum of Banyoles. Occurrence dataset https://doi.org/10.15470/wxaleu accessed via GBIF.org on 2022-07-07.",CC BY-NC 4.0,1,0,https://doi.org/10.15470/wxaleu
Happywhale. 2020. Happywhale - Bryde''s whale in North Atlantic Ocean. Data downloaded from OBIS-SEAMAP (http://seamap.env.duke.edu/dataset/2084) on yyyy-mm-dd originated from Happywhale.com. https://doi.org/10.15468/c3fvn3 accessed via GBIF.org on 2022-07-07.,CC BY-NC 4.0,1,0,https://doi.org/10.15468/c3fvn3
Happywhale. 2021. Happywhale - Atlantic Spotted Dolphin in North Atlantic Ocean. Data downloaded from OBIS-SEAMAP (http://seamap.env.duke.edu/dataset/1805) on yyyy-mm-dd originated from Happywhale.com. https://doi.org/10.15468/j2ub3p accessed via GBIF.org on 2022-07-07.,CC BY 4.0,1,0,https://doi.org/10.15468/j2ub3p
Happywhale. 2021. Happywhale - False Killer Whale in North Atlantic Ocean. Data downloaded from OBIS-SEAMAP (http://seamap.env.duke.edu/dataset/1710) on yyyy-mm-dd originated from Happywhale.com. https://doi.org/10.15468/mby93b accessed via GBIF.org on 2022-07-07.,CC0 1.0,1,0,https://doi.org/10.15468/mby93b
Happywhale. 2021. Happywhale - False Killer Whale in North Pacific Ocean. Data downloaded from OBIS-SEAMAP (http://seamap.env.duke.edu/dataset/1711) on yyyy-mm-dd originated from Happywhale.com. https://doi.org/10.15468/fq8f5q accessed via GBIF.org on 2022-07-07.,CC0 1.0,1,0,https://doi.org/10.15468/fq8f5q
Happywhale. 2021. Happywhale - Fin Whale in North Pacific Ocean. Data downloaded from OBIS-SEAMAP (http://seamap.env.duke.edu/dataset/1751) on yyyy-mm-dd originated from Happywhale.com. https://doi.org/10.15468/fs2qdu accessed via GBIF.org on 2022-07-07.,CC BY-NC 4.0,1,1,https://doi.org/10.15468/fs2qdu
Happywhale. 2021. Happywhale - Sei Whale in North Pacific Ocean. Data downloaded from OBIS-SEAMAP (http://seamap.env.duke.edu/dataset/1746) on yyyy-mm-dd originated from Happywhale.com. https://doi.org/10.15468/5wtskq accessed via GBIF.org on 2022-07-07.,CC0 1.0,1,1,https://doi.org/10.15468/5wtskq
Happywhale. 2024. Happywhale - Baird''s beaked whale in North Pacific Ocean. Data downloaded from OBIS-SEAMAP (http://seamap.env.duke.edu/dataset/1732) on yyyy-mm-dd originated from Happywhale.com. https://doi.org/10.15468/99ckjg accessed via GBIF.org on 2024-07-31.,CC0 1.0,1,1,https://doi.org/10.15468/99ckjg
"Johnson N, Cora J. C.A. Triplehorn Insect Collection (OSUC), Ohio State University. Museum of Biological Diversity, The Ohio State University. Occurrence dataset https://doi.org/10.15468/efb17f accessed via GBIF.org on 2022-07-07.",CC BY 4.0,1,0,https://doi.org/10.15468/efb17f
"Martínez S B, Ladino F, Bessudo S (2021). Monitoreo de peces arrecifales y tiburones parte de los valores objetos de conservación (VOC) en el santuario Malpelo para el año 2020. Version 2.1. Fundación Malpelo y Otros Ecosistemas Marinos. Occurrence dataset https://doi.org/10.15472/sl6las accessed via GBIF.org on 2022-07-07.",CC0 1.0,1,0,https://doi.org/10.15472/sl6las
"Millen B, Seymour K (2018). Palaeobiology - Vertebrate Comparative Osteology Collection - Royal Ontario Museum. Version 20.8. Royal Ontario Museum. Occurrence dataset https://doi.org/10.15468/d6anwc accessed via GBIF.org on 2022-07-07.",CC BY-NC 4.0,1,1,https://doi.org/10.15468/d6anwc
"Naturhistorisches Museum Mainz. Naturhistorisches Museum Mainz, Zoological Collection. Occurrence dataset https://doi.org/10.15468/aaknqu accessed via GBIF.org on 2022-07-07.",CC BY 4.0,1,0,https://doi.org/10.15468/aaknqu
"Ortega-Rodríguez J. M. 2014. Mapas de distribución potencial del murciélago amarillo del Balsas (Rhogeessa mira) endémico de Michoacán. Facultad de Biología. Universidad Michoacana de San Nicolás de Hidalgo. Bases de datos SNIB-CONABIO, proyecto JM025. México, D. F.",CC BY 4.0,1,1,
Ramirez B (2021). Registro de Mono Choyo (Lagothrix lagotricha lugens) en Chámeza-Casanare. Version 2.1. Asociación de Becarios del Casanare. Occurrence dataset https://doi.org/10.15472/rcox8o accessed via GBIF.org on 2022-07-07.,CC BY-NC 4.0,1,0,https://doi.org/10.15472/rcox8o
Ramirez L (2022). Biodiversidad asociada al Estudio de Impacto Ambiental para el proyecto de explotación de sal en el municipio de Sesquilé. Version 1.1. Construcciones y Ambiente Conambiente S.A.S. Occurrence dataset https://doi.org/10.15472/sggdn7 accessed via GBIF.org on 2022-07-07.,CC BY 4.0,1,0,https://doi.org/10.15472/sggdn7
Reef Life Survey (2022). Reef Life Survey: Global reef fish dataset. Sampling event dataset https://doi.org/10.15468/qjgwba accessed via GBIF.org on 2022-07-07.,CC BY 4.0,1,1,https://doi.org/10.15468/qjgwba
Roberts D (2022). CHAS Mammalogy Collection (Arctos). Version 13.61. Chicago Academy of Sciences. Occurrence dataset https://doi.org/10.15468/ebxyjx accessed via GBIF.org on 2022-07-07.,CC0 1.0,1,1,https://doi.org/10.15468/ebxyjx
Roy D (2023). Mammal records for Europe via the iMammalia app. Version 1.5. Biological Records Centre. Occurrence dataset https://doi.org/10.15468/a8ngn5 accessed via GBIF.org on 2024-07-31.,CC BY 4.0,1,1,https://doi.org/10.15468/a8ngn5
"Slieker F J A, van der Es H, Andeweg R, Langeveld B W (2022). Natural History Museum Rotterdam - Specimens. Version 1.41. Natural History Museum Rotterdam. Occurrence dataset https://doi.org/10.15468/kwqaay accessed via GBIF.org on 2022-07-07.",CC BY 4.0,1,0,https://doi.org/10.15468/kwqaay
"Smultea, M. and C. Bacon. 2014. SOCAL Marine Mammal Aerial Monitoring 2008-2009. Data downloaded from OBIS-SEAMAP (http://seamap.env.duke.edu/dataset/756) on yyyy-mm-dd. https://doi.org/10.15468/6be7cp accessed via GBIF.org on 2022-07-07.",CC BY 4.0,1,1,https://doi.org/10.15468/6be7cp
"Taylor B, OBIS-SEAMAP (2022). SWFSC Marine Mammal Survey, SWAPS 1997, Cruise 1607. Version 1.8. OBIS-SEAMAP. Occurrence dataset https://doi.org/10.15468/pnpamz accessed via GBIF.org on 2022-07-07.",CC BY-NC 4.0,1,1,https://doi.org/10.15468/pnpamz
"Uchifune Y, Yamamoto H (2021). Asia-Pacific Dataset. Version 1.36. National Museum of Nature and Science, Japan. Occurrence dataset https://doi.org/10.15468/vjeh1p accessed via GBIF.org on 2022-07-07.",CC BY 4.0,1,0,https://doi.org/10.15468/vjeh1p
"Universidad Nacional de Colombia - Sede Caribe (2017). Comunidad íctica de la Isla Cayo Serranilla durante la Expedición Seaflower 2017 Proyecto VALORACIÓN DE SERVICIOS ECOSISTÉMICOS DE LOS ARRECIFES DE CORAL EN LOS ALREDEDORES DE LA ISLA CAYOS DE SERRANILLA - Proyecto Colombia BIO. Versión 1.0. 58 registros, aportados por: Santos A, Gavio B, Patro J, Abril O, Posada V. Conjunto de datos/Registros biológicos. https://doi.org/10.15472/glepal accessed via GBIF.org on 2022-07-07.",CC BY-NC 4.0,1,0,https://doi.org/10.15472/glepal
"Verschelde D, Brosens D (2021). Ghent  University - Zoology Museum - Vertebrate collection. Ghent University. Occurrence dataset https://doi.org/10.15468/u3fdk4 accessed via GBIF.org on 2022-07-07.",CC BY 4.0,1,0,https://doi.org/10.15468/u3fdk4
